11365531.87;12248211.07;11215662.41;11509485.13
11829961.78;12064795.13;11918123.47;11723854
11143648.94;12275752.56;11930701.68;11620235.2
12369128.59;11005549.31;11909572.1;11201528.15
12038919.12;12157294.57;11848832.68;11605196.82
11803286.75;12261475.76;11822568.38;11234397.41
12208716.13;12189328.52;12304404.34;10932206.92
11946366.59;11264378.76;11934768.75;11968211.67
12337361.85;11344767.68;11759211.76;11789322.96
12121142.01;12020012.84;12103172.19;11377435.81
12029216.85;11550965.77;12343285.53;11582308.29
12317938.63;11756742.14;10996433.8;11540896.87
12235027.86;11792527.79;11998846.16;11563774.73
11972027.52;11552631.26;11627456.54;11263231.81
11803253.66;11081298.96;12051141.63;12150218.52
12013561.46;11907018.41;11246091.35;11598780.55
11373764.28;12077881.77;12210826.42;11195335.94
12143371.18;12081498.26;11946150.79;11000811.8
12241248.78;11424501.47;12152239.87;11572987.98
11750369.88;12005991.69;11574603.55;11269150.44
12285807.93;11510989.71;12453333.43;11637013.36
11506500.1;11404356.97;11886384.99;11258304.43
12074899.29;11845365.71;11752778.39;11567326.94
11419157.21;12327239.98;12150105.69;11378894.22
11979840.04;11915980.01;11796288.16;11582855.77
12118508.13;11920745.14;12144815.62;11610005.74
11713631.71;11420773.72;11585622.52;11856714.14
12225468.51;12307709.16;12020854.09;10943196.06
12526892.34;12145129.51;11372565.67;11623179.75
12292380.33;10826857.86;12377980.63;11503286.84
11876464.05;12096606.46;11609086.81;11437647.72
11722839.37;11813436.62;11834883.52;11707374.83
12528906.63;11255825.7;11931604.35;12204972.58
12127052.76;12148663.74;11686575;11575201.71
12502905.12;11463557.35;12066448.26;11539399.37
11545535.79;12322658.18;12275231.74;11861922.09
11389085.25;12316048.95;12047037.36;11153983.72
12072620.99;11771486.75;12078121.33;11918407.98
12237195.31;11717432.41;11983470.17;11922984.03
11324599.58;11753209.27;11814585.65;11002708.46
12294830.28;12097219.05;12336836.24;12027723.25
12193549.7;12047625.03;11005412.9;11845727.94
11769130.57;12015123.57;11538249.25;11846361.8
11953005.21;11620644.36;11628262.7;11452916.78
12118426.01;12018898.29;11809680.48;11366700.24
11704709.97;11664985.97;12587014.81;11647368.23
11966835.59;12277992.34;12555902.59;11154211.41
12275550.36;11850368.77;12021612.24;11924077.79
11620105.01;11901089.02;11868401.86;11387518.39
11868125.21;12045909.76;10879969.27;11746532.92
12342318.62;12114217.51;11537053.53;12115985.76
11709055.95;12219256.94;12322186.19;10968414.66
12076091.75;11836932.09;11879123.81;11756695.29
11904960.36;11879266.25;11901842.95;11245445.43
12250999.83;11315083.19;12164437.09;10802380.74
12185600.18;11114520.89;11572470.33;11362845.91
11642186.3;11584567.77;12328152.57;12248928.57
12525954.61;12308252.68;12025898.23;11165011.97
11112948.98;11856402.89;11862080.61;11120587.94
11794225.09;11757619.35;11891042.6;11732209.91
12079756.2;12061516.02;11720625.03;11101735.73
12254499.35;12225044;11423065.91;11934893.21
11915776.32;12012066.85;11670996.35;11428935
12009713.65;12314276.56;12211757.5;12111496.97
12067872.64;12131888.25;11977171.95;11774841.35
11900548.03;11851241.37;12116248.25;11767657.23
12194506.64;11486720.26;11639634.8;11676011.93
12081044.05;11926175.25;12332741.47;11338523.2
11658692.46;12139844.24;12664395.65;11937846.95
12457268.66;11885872.26;12362045.78;11738390.57
11513150.69;12256021.87;12105151.9;11102282.99
11385088.85;11641212.87;12202606.31;11788629.35
11475268.61;12364452.22;12169657.74;12049305.45
12039347.47;11268192.04;11826067.19;11629802
12198315.65;11270926.64;11532631.03;12119233.7
12735608.62;11433546.72;12434148.29;11390713.76
12023549.53;11841503.47;11831479.72;11603397.33
11681250.41;11774863.87;11977443.68;11370647.64
12472837.26;12305789.01;12203629.55;11909615.55
12332870.67;11723687.14;12367227.29;11274280.52
11695878.73;11944296.46;12094848.83;11490372.63
12338838.36;11726273.31;12217434.37;11199097.39
11204873.78;11434105.68;11455878.56;11335238.13
12431685.06;11339439.52;11968223.86;11210314.45
12161379.61;11975030.83;12156118.1;11675788.22
11769147.16;11672216.74;11738376.15;11457478.23
11957512.11;12206229.38;12197923.16;11380065.97
12218540.07;12102960.11;11265204.11;11531685.17
11888755.13;11601317.57;11877141.23;11555062.72
11765001.06;10898766.38;12169904.45;11600577.64
11826828.72;11886661.97;11556732.95;11676154.75
11937916.7;11974448.96;11505654.24;11239479.08
11835957.26;12350886.19;11699914.72;11709613.77
11855425.52;11694937.82;12267438.71;11573773.24
11893217.36;12375786.64;12146563.82;12082891.82
12252214.4;12115459.51;12174262.53;11442747.3
11790479.91;11141485.94;10626259.63;11909087.24
11980656.57;11899862.78;12118933.09;11365900.93
11477316.01;11801466;11374151.34;11393200
12158174.04;11921667.87;12020283.55;11626792.21
11654670.38;12257044.87;11601089.83;11029187.79
11737500.12;11992436.69;11655689.33;11587926.23
11938056.64;11826017.12;12394158.87;11786336.95
11490539.84;11903595.78;11421552.52;11585737.06
11932799.34;11771950.51;11770938.29;11121023.35
11556285.64;12274037.88;11710058.62;11531718.25
11921577.74;12255068.23;11581693.65;11615861.29
11641438.63;10965821.07;12382999.52;11171696.42
10497809.17;11566944.39;12189560.48;11711227.04
11620417.34;11811228.12;11533326.07;12095841.04
11240801.56;11638379.23;11772867.71;11598906.27
10915920.64;11415731.48;12106232.07;10968102.07
11770054.41;11373067.31;11475407.06;12117346.6
12178897.32;11713479.37;11899483.95;11543420.42
11663493.35;11311742.77;11923832.44;11425079.64
10954643.32;12197437.82;11477912.34;11832488.23
11697198;11421476.47;12624172.72;11845119.97
11432141.76;12142199.86;12069428.58;11770848.94
11533261.69;11774833.23;11117038.88;10833890.17
11577810.26;12400482.27;11815680.94;12222479.69
11378032.77;11901057.75;11655526.27;11886598.55
11779632.88;11262484.68;11586663.81;11762082.38
11688809.48;11945514.05;11602681.98;11720850.96
11621715.97;12422396.35;12237879.03;11278540.3
11179598.88;12026257.31;11576009.24;11618432.46
11661920.06;11550167.09;11518335.5;11644937.8
12144514.03;11829904.18;11792372.95;11375385.51
11945798.5;12024087.8;12411494.96;12014407.44
11980549.14;11306968.41;11803032.46;11317276.6
11911736.22;11673943.98;11522306.02;11768926.95
11972104.44;12274814.03;11492250.29;11613988.68
11154105.64;12065634.57;12280389.24;12263675.28
11890230.02;11497002.49;12844543.23;11703666.88
11314913.43;12389107.74;12198434.49;10954409.74
11661411.79;11821965.62;12577888.36;10785788.94
11671333.57;11828488.5;11399650.87;12037376.29
12318128.85;11649121.35;12287895.21;12220029.58
11644663.08;11692821.79;12321348.74;12050599.99
11874402.72;11560987.08;12253108.17;11560399.43
11844642.65;11986822.52;11719278.42;11780787.76
11536656.07;12201310.1;11072734.15;11236970.53
11990705.76;11821123.56;11885045.3;11993170.39
11719722.89;11403599.72;12006986.6;11248676.27
11265818.72;11502118.94;11715072.28;11124943.6
11592546.53;12010856.23;11842327.77;11167113.64
11081394.37;11649209.68;11990046;11242330.33
12003601.05;12350238;11577637.49;11348548.36
11326753.51;12180984.95;11803254.28;11569392.29
11070702.04;11535622.07;12108060.5;11813948.72
11843424.22;12423862.41;11754769.55;11715161.38
11255145.21;12091981.34;12271435.81;11575086.8
11697778.04;12371808.3;11373296.98;11536246.78
11970832.85;12077493.97;12282933.89;11858231.75
11431137.54;11658613.24;11778157.65;11996267.25
11422410.19;12135849.42;11793952.84;10633547.45
12062355.25;11689386.07;11790513.27;10847672.65
11009980.97;11422620;12424917.33;11124425.47
12255918.25;11863414.19;11889070.01;11932507.81
10289916.39;12256939.15;11928445.04;11484261.76
11985529.47;12003859.99;11140922.97;11225636.5
11204463.56;12622008.04;11962789.51;11935935.21
11773662.22;11696553.04;12033280.07;11377543.11
11375269.86;12106320.59;12327883.42;11188042.02
11932136.81;12207017.86;11760972.39;11034188.58
11249123.17;12088937.79;11103061.22;11533480.57
11849341.77;11760137.31;12274009.62;11686341.7
11378179.24;11709295.04;12785073.14;11992428.08
11104349.15;11689008.66;11603228.81;10958228.29
11483927.84;12544922.29;11480239.55;11665670.28
11706526.83;12203254.12;12469296.05;11918825.3
11191088.39;11768671.05;11842480.68;10983471.42
11738732.15;12087954.52;12396225.95;11134809.6
11968489.46;11580480.99;11745836.64;11846001.82
11180580.03;12027035.03;12431827.76;10970885.88
11949135.99;11346029.33;11722403.95;11825961.44
12181388.19;12121318.7;11407401.41;12060351.75
11773242.46;11657365.8;11940780.78;11460905.67
11639140.6;12066154.65;11031114.45;12034054.16
11706979.28;11783293.01;12314988.43;11468872.63
11801910.79;11959700.44;12242325.43;11707459.02
11936568.93;11750776.54;12175384.77;11885906.82
11467098.98;11989476.37;11756127.13;12377960.03
12234142.11;12159753.94;11603446.12;11025802.91
11265894.4;11714424;12059315.44;11490391.98
11985520.7;12124382.29;12013789.36;11896037.41
11225647.04;12264659.4;12314300.79;11693256.1
11929318.84;12043759.99;12037402.04;11733116.23
11735790.67;11644050.55;12012237.29;11432656.99
11990186.97;11916115.56;12387662.73;11428958.45
11850870.1;11815134.94;11399159.83;11843909.57
11956414.82;11804853.21;12098484.8;11954919.3
12227931.59;11674307.01;11758199.44;11760192.85
11696857.79;12358853.93;11780482.3;11126102.07
11356837.08;12378493.4;12364968.78;11316143.04
11476247.06;11849954.99;12371883.03;10747445.95
11399828.79;11939226.76;11918299.8;11742796.06
10993246.99;11703262.81;11492307.11;11661283.84
11387807.26;11827976.75;11645020.75;11738896.32
11094325.46;11581906.13;12431711.16;12521949.55
11579101.42;11791889.37;12482047.17;11584622.15
11999230.72;12222294.95;11485997.58;11328512.36
11298531.25;11502235.28;11818609.71;11933839.29
11190622.48;11875823.65;12125309;11083183.45
11689768.52;11990927.3;12209607.22;11426533.96
11869617.03;11350035.73;12434296.52;11416525.81
11152478.29;11186670.64;11933013.77;10556433.78
11380388.59;11875091.45;11744041.66;11304523.9
11941108.74;12026295.14;11988363.19;11128685.75
11840015.33;11293245.73;12167438.99;11122017.27
11190806.49;12607778.35;12149394.99;11917379.76
11492428.31;12232779.28;12083443.19;11774126.52
11843311.65;12272308.78;11680522.12;11377175.61
11373609.19;12013534.37;11695053.35;11913471.94
11471859.48;12008885.3;11811989.14;10818682.66
11690169.96;12011404.01;11473022.44;11462876.12
11183819.84;11957492.71;11207998.48;11763488.76
12243930.71;11821272.06;12303941.94;11950074.25
12055748.57;12313279.26;12249604.26;11033211.17
11717544.49;12174238.48;12585993.16;11920256.86
11527594.22;11778262.12;11739727.43;11869044.03
12187811.56;11902680.83;11823102.73;11981011.28
12448802.87;11694320.41;11793389.52;11901561.15
11744530.12;12624743.16;12286920.28;11180287.02
11000522.56;11624472.1;11806850.01;11418749.13
11301934.05;11918606.36;11775796.25;11914302.92
11650941.09;12229448.64;11251295.27;11575901.81
11318123.5;12096513.14;11947247.53;11557926.93
12291517.08;11755679.83;12628187.77;12102140.43
12002247.56;12122995.81;12650652.97;11416606.18
11626815.81;12245011.25;12000784.93;11603608.21
11853950;11583984.19;11734658.87;11418461.81
11280200.42;11474442.5;11984919.25;11425414.99
12381221;11933355.14;12586220;11125685.04
11883749.2;11757328.18;11342533.09;11244198.51
11995809.01;12075752.63;12295332.57;11214201.95
11540932.2;12040687.2;12300921.98;11776805.23
11907953.74;11154880.74;11926403.76;11915117.13
11460689.11;12295550.11;11761102.19;11675253.57
10914912.09;11443666.22;11981905.99;11410532.26
11909799.44;11874788;12439563.36;11232181.15
11460438.08;11382837.93;11398533.93;11046778.98
11708010.26;11765562.41;11723470.84;11411235.37
11341706.37;12188159.7;11636894.95;11305753.8
11710492.84;11738988.16;12019939.42;11419935.94
11562314.67;11569189.48;11668978.62;11179762.7
11529037.13;12005288.63;12453768.7;11243017.21
11471577.03;11746260.93;11775489.4;11758775.15
10704640.36;11940575.47;12079561.13;11280447.38
11591483.45;11961637.45;11983469;11444129.23
10874345.04;11362597.99;11131278.08;11299390.16
11789463.26;11626267.68;11751107.29;11321683.02
11151222;12135251.59;12508338.34;11301598.22
11627214.74;11918604.39;11629423.65;11427859.97
11474042.1;11624346.81;11844762.33;11338550.28
11520203.05;11659840.76;11839561.31;11516018.6
11621361.41;12341960.4;12222044.14;11656442.39
11077786.72;11693946.84;12153160;11768356.63
11559728.36;11700885.86;12302561.11;11278786.8
12059757.76;12191056.2;11935568.41;11629773.6
11634111.24;11756975.89;12447978.04;11296876.22
11607624.47;11561967.23;12267734.29;11202453.27
11615331.54;11196052.84;12196399.03;12254316.31
11856846.54;12073754.58;11974989.86;11709256.44
10982933.84;12336917.9;12299523.64;11236236.82
11560494.7;11745751.68;11913887.15;11743673.59
12304138.62;11976005.44;12373691.6;11924478.77
11526706.59;11734714.85;11768761.74;11502639
11633499.31;11802419.98;11147632.21;11162161.9
10917323.47;12273470.36;11886554.45;10937060.67
11633885.05;11399359.79;11439053.45;11617844.33
11706143.78;12217206.21;12386064.47;11760398.24
11149390.94;11716063.63;12220441.75;11725838.52
11267296.87;11353535.96;11731442.77;11880093.19
11461703.82;12291250.57;12143645.58;12098722.77
11047331.83;11899844.38;12183538.27;12063190.39
11625038.36;12462536.77;12221497.72;10976444.5
11198006.4;11894242.69;12149668.7;11384706.31
11839021.02;12066161.13;11469134.22;11075148.36
11264649.81;11980528.53;11997191.17;12318642.11
11836221.24;12416256.06;11812733.45;11262969.7
11068282.83;12215444.14;12061616.82;10098825.79
11475879.4;12349521.04;12212093.5;10867131.03
12158623.41;11411654.49;12027555.77;11110820.7
11866629.07;12158141.56;12156856.2;11782103.34
11793661.69;12356073.18;12046382.52;11565471
12236361.58;11906403.87;11685893.72;12139823.42
11410660.36;12007804.31;11970873.35;12142444.13
11319447.36;11480466.37;11787149.27;11159212.45
11525972.67;11944784.54;11452888.45;11731743.09
11891939.47;11125657.49;11295389.13;11176361.29
11998966.02;11262828.19;11963808.2;12027426.59
12172083.58;11260472.71;11534967.46;11282822.82
11767574.69;11549646.03;11757631.04;12044029.05
10832106.65;11827298.04;11882137.01;12041322.59
11778725.41;11719048.2;11630143.19;11079169.85
12306025.93;12174805.09;12314116.36;11523466.1
11851128.17;11086058.94;11660021.67;11499618.53
11317709.7;11001444.98;12333829.27;11895442
12144267.98;11718450.83;11689179.5;11126361.26
11407057.62;11177076.26;12052369.89;11240480.66
11787707.5;11083842.82;12315730.45;11282934.82
11733685.19;11790304.72;12087168;12239317.05
12460479.72;11388859.21;12579457.77;11284928.72
11961148.92;12408076.35;11936656.93;10784514.81
11622923.05;11977259;11955187.98;11621747.02
10999794.3;12165361.05;12606264.46;11610609.77
12017708.98;11726704.57;11869442.17;11759545.97
11725505.93;11659608.12;11672601.05;12196957.72
11713989.42;11646632.95;11748702.56;11094457.29
11629923.12;11628517.47;12811607.24;11593268.07
12232077.29;11585844.87;11964664.48;11752972.55
11523922.64;11364612.98;12481013.8;11440011.23
11944963.38;11924818.25;11776994.09;11951922.01
11000725.94;11957310.94;11854371.89;11416876.65
11726707.39;11332691.85;12222433.27;11797811.34
12427133.37;11387690.32;11887034.76;12058852.92
11149801.18;11489804.29;11963627.21;11991548.35
11746766.47;11551366.38;11725396.15;11118652.91
11561974.44;11210316.66;11669555.29;11659945.92
11676101.89;11881687.38;11896766.33;11635305.91
11748336.86;12052536.31;12020164.83;11828994.2
11366897;12210007.78;11432461.74;11403517.37
11702132.68;12537477.57;11634138.71;11180518.97
11773643.71;11537431.58;11298044.92;11633376.67
11822108.67;11865914.08;11917516.89;11576132.43
10907067.5;11040150.65;11662505.17;12034348.86
11139071.53;11798199.76;11418172.95;11322310.63
11901269.9;11660295.42;11791378.22;11861284.04
11684620.39;11808867.58;12553028.8;10650030.6
11312568.25;11511428.87;12114162.52;12212934.57
12469425.58;11111681.34;12464959.19;11333883.29
11724884.76;11449795.15;12382808.18;11708471.17
11270586.5;11610107.04;12015468.41;11663511.94
11365927.94;12319375.89;11840804.84;11296795.41
11681487.57;11732312.76;11745558.49;11123935.47
12187210.46;12104672.5;12338091.74;11292679.15
11667491.01;11940807.06;11563640.47;11776507.22
11545001.79;11833586.32;12519660.06;11236343.61
11303430.92;11766765.99;11786353.23;12442072.49
11536778.92;11950427.76;11837537.03;10913656.31
11653972.76;11682542.36;12088714.49;11753699.94
11518041.1;12187726.94;11734433.68;11604277.41
11346372.98;11112924.54;12130732.68;11490252.68
11572614.44;11759703.25;12060602.05;11328058.79
11209284.99;11651422.15;11278160.68;11559574.31
11244522.3;12000646.55;12167151.26;10981721.07
12087054.09;11513874.44;11253300.28;11433645.11
11362640.3;11956645.84;11914579.54;11369860.21
10914251.53;11943226.54;11801851.46;11522691.48
11356105.6;12125642.54;11315527.66;11704607.03
11554967.98;11782853.63;12373930.86;11510703.73
11598653.75;11866385.1;12103590.44;11480411.92
12182958.12;11698524.52;11807659.55;11996832.44
11880607.61;12072519.13;11725001.9;10523109.61
11532928.5;12490719.88;11850815.01;11057470.17
11927235.77;12428711.21;12126997.23;11080033.23
11815216.55;11999573.09;11904941.49;11296656.5
11709060.93;11658126.35;11741484.58;11840542.95
11274751.98;12030592.87;12071956.73;11079820.56
11183961.12;12093488.8;12190474.38;10858586.93
11506770.3;12581303.04;11137407.36;10705512.94
11899942.81;11662596.82;11724877.3;11857998.17
11524145.42;11856536.73;12061773.69;11388601.47
11948771.71;11398692.69;11667159.16;11291562.76
11895336.77;12040569.17;11356416.78;11257519.46
11363337.23;11298381.77;12189750.04;12072737.08
11597778.47;12004992.58;12131549.63;12098468.25
11796821.51;11558176.17;11969681.25;11301888.9
11324754.65;11521572.11;12532806.71;11647999.16
12088840.85;11767014.9;11942347.73;11544409.3
11678032.82;11446990.98;12110344.75;11959148.49
12157602.72;11571394.48;11798555.46;11583584.58
11334726.87;12482877.07;11908916.4;11372581.46
11808385.53;11332084.59;12255240.41;10977660.34
12402252.88;11883406;12116941.37;10913776.43
11320576.56;11798629.54;11913982.86;11289057
11368003.37;12036513.26;11869202.7;11171274
11912736.66;11078806.7;12083883.76;11371092.38
10720130.77;11770670.11;12334441.83;11729270.03
11147047.68;11178330.42;11442325.25;11790554.2
11710753.95;11680710.2;12315419.06;11273487.06
11645547.66;12538607.01;12344061.42;11215297.4
11584982.77;12231127.18;12273795.61;11732701
11665633.41;11391154.11;12281443.96;11142834.74
11528524.63;11315877.91;12529805;11622100.91
11415530.18;11346149.75;11686675.46;11843543.29
10888878.55;11047260.31;12184474.92;12139944.74
11177623.74;11086630.58;12224072.81;11695779
11454204.65;11402428.15;12269528.14;12223097.15
12026137.89;11529130.19;11698576.74;11138381.87
11379794.67;12139010.84;12282142.28;11678439.73
11747805.53;11742783.06;11557188.5;10990267.2
10795545.45;12733562.62;11413017.31;11484081.58
11369973;11732081.02;11653020.18;12256167.21
12259650.46;11498927.12;11545649.57;11797921.92
11593282.42;11650758.31;11289635.58;11492791.58
11159075.43;12098544.81;12140120.97;10927377.1
11667639.47;11872396.07;12313784.3;11585860.87
11313788.96;11975545.22;12149982.26;10780603.5
11846564.19;11064920.35;11680349.85;11092348.7
11817039.17;11641106.72;11844358.55;11156292.65
11770830.52;12341459.62;12467180.09;11937108.74
11777861.56;12153723.53;11791336.02;12098744.67
11836547.13;11992947.77;11680122.41;11755650.32
12595811.55;11822676.1;11994016.29;11149674.17
12282175.2;11161574.68;12066149.57;11704932.75
11396427.4;11998900.58;11862296.08;11904852.66
11912234.8;12349573.62;11579319.5;11474926.31
10711130.17;11734727.87;11583012.95;11768759.49
11682771.8;12157831.09;11487633.35;11068339.2
11882123.22;11374961.62;12028325.79;11636379.41
11739736.65;11518087.66;11583814.79;11854660.07
11661701.15;12229765.21;11756515.44;11187393.84
11488138.66;11652836.13;12212923.41;12038448.75
12275541.71;11640196.71;12784689.24;11386438.44
11992675.65;12065716.68;11882416.95;11892010.76
11845081.89;12135526.06;12180964.54;11720670.07
11416399.14;11859252.57;12232504.3;11536932.94
11868883.15;12033174.85;12338049.89;11442155.97
11276057.42;11654115.57;12234656.28;11134398.02
11725697.25;11684660.88;12190624.07;11973089.04
11028554.73;11945658.28;11548318.15;10909039.38
10827843.47;11867881.82;11856005.25;12052212.02
11996277.08;11754799.94;12343813.81;11685328.04
11322841.74;11228057.31;12330460.9;11514212.56
11220353.88;11103223.02;11001268.74;12052413.82
11783238.31;11674401.49;12119447.68;11591026.54
11733804.22;12143775.93;11908777.78;11922637.83
11848933.33;11663378.71;11973192.71;11457593.84
11723077.61;11904011.58;11770106.08;11616888.1
11118309.11;11700909.39;11995982.76;11820447.83
11027448.31;12438075.67;11857847.68;11686390.17
11331509.74;11180853.63;12019777.19;11271893.88
11235199.61;12100311.59;12103559.44;11715048.96
11811257;11289758.23;12416824.67;11567254.45
11683414.99;11781631.73;11292068.22;11441622.18
11091790.5;12148038.91;12552050.16;11682857.86
11956281.09;11837029.71;11493077.98;11740792.15
11791075.27;11698642.45;11701811.4;11000482.03
11477347.59;11798790.43;11267119.84;11688757.62
11102397.6;12211140.76;11639908.17;11917626.33
10664044.72;11935892.39;12105356.82;11636531.59
11455166.16;11789434.51;12163916.02;11782169.95
11433289.37;12290403.48;11896113.94;11983134.43
11208118.27;12307039.13;11944703.81;11931745.51
11473136.82;11628396.52;12039376.04;12244961.84
11489151.35;12434175.09;12166660.77;11352849.34
11686462.56;12506768.31;12224825.83;11727591.22
10983029.06;11342929.86;11743099.58;11965717.3
11039926.5;12073692.62;11431217.86;11737681.97
11326228.34;11764478.71;11877217.92;11777076.93
11566739.55;11767437.73;12059826.87;11267228.52
11724079.78;11708605.2;11492457.25;11309658.25
11832687.23;10786305.82;11608897.69;11510371.94
10815829.68;12158138.36;11689039.17;10601255.04
11346515.6;12011379.08;12221688.93;11901532.4
12098490.16;11570333.08;12219670.06;12267070.39
11751446.8;11987654.68;11603847;10746691.62
11093472.96;11604901.35;12638933.71;10831458
11568044.01;11745637.24;11812655.94;11373710.98
11996568.52;12332392.61;11875073.33;11754934.63
11655885.81;11927608.61;11231656.94;11556175.31
11501139.62;12007832.92;11895706.29;12086195.42
11483564.84;11392064.42;12199881.38;11828063.23
11594179.02;12121476.27;11911306.21;11215366.55
11419367.3;11305448.89;11803376.98;11605179
11261060.56;11810493.29;12065965.49;11545016.38
11700344.08;11328628.33;11702637.4;11200640.92
11477124.24;11856862.4;11243246.97;11174719.46
11618255.69;12145215.91;12676113.74;11035922.73
11313260.42;11997036.04;11957407.67;11656598.76
11875113.8;11283121.67;11371893.31;10991052.78
12058963.68;11590466.18;11595521.54;11667922.08
11291580.61;12153965.25;11717946.62;12371583.78
11558203.16;11977952.53;11771089.54;11859796.35
11211069.93;11506542.34;11947442.95;12191885.84
11749040.34;12030237.76;12253099.23;11834575.86
11221951.25;12182290.38;11582809.04;11252986.67
11961087.35;11696756.34;12292068.87;11826807.36
11558509.29;12410965.23;12680040.58;10751907.41
11018077.1;11181657.54;11770513.33;11484965.65
10879163.67;11774699.09;11573024.53;11338981.59
11816425.3;11473455.06;12103965.32;11993006.93
11721769.39;12065391.5;12659746.34;11330134.66
11798275.04;11026343.54;11994180.6;11391272.09
12190384.8;12601711.02;11628516.5;10945485.96
11516830.09;11904320.74;12379000.96;11756289.67
11577707.21;11371317.74;12488492.37;11238706.22
12479125.6;11709779.08;11832247.06;12153503.92
11488667.44;11732607.92;11722386.58;11583547.41
11887099.03;11979206.51;11198598.15;11470079.98
11041772.91;12196682.21;11575585.6;11277917.77
11163900.62;11829836.5;11912441.1;11461556.75
11549672.57;11948721.17;12303519.09;10990289.76
12040138.25;11655575.07;12089777.62;11543574.67
11544187.09;11613456.14;12443721.49;11991300.71
11691865.48;12457668.24;12461801.01;12030636.92
11939191.85;11531108.75;12663755.22;11738525.91
11499884.27;11322385.74;12184478.22;12102390.86
11880325.47;11483364.37;12552700.29;11443423.26
11651772.98;12531948.12;12477007;11921988.55
11591721.88;11404284.03;12000056.46;11606750.38
11796237.5;12364755.71;12541378.89;11458163.57
11579070.11;12181707.14;11841044.66;11799560.79
11614777.46;10993394.65;11576693.01;11235267.12
11225714.66;11891514.3;11840389.37;11690124.46
11810458.72;11866838.12;11887636.82;11627519.36
11646577.76;11106688.1;12022483.77;11710428.4
11503038.12;10807892.99;11987888.11;10991826.59
11705096.83;11572894.29;12530940.57;10767581.97
11078639.69;11541974.53;11747317.46;11670149.69
10831062.49;11786600.51;11602672.71;11714272.79
12342067.6;11724383.94;12284343.35;11571014.78
11025601.38;11629187.98;12633173.38;11649620.34
11418978.9;11887257.23;11991566.6;12397741.44
11521904.77;11711640.02;11815867.62;11958228.21
11134642.84;11222209.06;11402776.96;11708077.58
12192609.24;12007162.32;11467677.24;11025829.74
11580371.94;12253878.24;12473316.93;11337166.68
11630946.89;11638652.16;11554584.99;10923860.09
11533546.54;12374009.91;12087656.42;11638903.95
11233527.81;11733950.52;11412725.63;12156913.84
11750415.59;11727242.48;11727261.91;11256651.81
11471302.17;11336659.92;12214533.75;11737316.69
11355953.09;12365563.12;12177115.67;11636216.17
10857041.39;12387144.27;11522230.85;11807544.14
11477672.5;11178551.11;11609197.12;12059862.84
11431716.71;12517402.63;11756823.32;12002425.88
11540201.23;12220119.28;12130841.27;11932995.73
11665340.96;11423363.63;12150001.75;11322470.99
10873125;11439713.95;11337258.95;11230591.91
11349926.28;11536110.92;11910048.93;11638164.59
11938585.25;11112593.76;11410932.08;11259713.02
11801735.31;11196207.07;12335748.56;12144595.67
11318966.61;11579249.46;11813088.07;11958987.85
11820797.52;12151478.71;11880264.1;11960003.36
11195651.09;11338255.73;11946300.06;11339055.26
11737086.06;12150140.01;11621660.68;11588596.07
11373677.02;12449710.21;11895967.34;10925160.72
12028527.24;11776332.07;11357757.26;11584526.32
11140256.33;11731363;11437498.34;11127755.03
11799925.35;11407110.36;11942399.69;12415106.19
11806641.31;12047537.19;12360543.46;11929919.65
11767217.2;12225198.04;12104194.49;11086698.27
11303363.57;11529769.63;12349360.32;11721683.2
11510079.12;11484415.59;11665172.73;10872679.71
10983287.13;11688800.87;12057305.82;11622443.43
12040639.32;11690467;11865250.26;11801151.35
11278712.88;11515452.16;12628469.21;11531876.05
11676252.35;11936036.27;12322705.37;11145267.02
11747144.74;12226429.97;11503654.5;12168432.39
11686497.23;11517998.94;12132553.04;11711175.53
10970189.78;11931949.63;11744388.46;11349449.87
11598832.99;12080583.62;12219859.37;11538053.43
11523221.05;12297158.17;11713747.21;11445198.94
11231323.68;11551255.59;11791276.82;11765160.79
12161284.97;11310644.11;12515319.93;11574356.98
12189977.25;11664609.21;11978415.34;11089799.4
11472413.12;12145634.81;11939774.58;11356056.83
11292977.93;11343822.91;12271578.99;11599483.09
11467378.43;12343005.1;12634626.91;11552494.88
11674069.31;11755994.99;12162986.71;11686025.16
11596991.81;11575883.97;11817919.42;11335436
10566064.93;12011868.98;12222821.42;11105252.38
12015472.45;11872414.97;11225512.03;11783796.33
11262109.44;11646433.28;12021234.13;12340825.65
12488164.68;11217021.25;10972235.32;10966997.58
11251720.13;12628501.21;11593587.4;11815528.66
12085775.81;11726771.42;11415324.57;11559553.34
11464026.31;11774793.45;12196100.34;11444240.8
12195776.28;12041518.48;12294037.27;11936686.19
12116742.75;11693757.14;11893116.49;11165703.53
11894907.36;11437280.65;11608517.33;11838392.88
11723784.4;11700060.14;11623498.93;11498869.99
12139233.97;11524283.87;12032512.96;11367595.63
11150634.93;11699188.81;11409030.62;11492488.86
11630243.43;12380138.92;11923671.9;11402211.51
11518721.64;12117878.05;12764919.67;10657833.44
11375564.04;12075937.95;11884354.04;11942318.33
11646530.05;11803919.25;12158763;11215657.28
11328640.05;11309457.5;11694649.73;10819274.96
10965302.86;11784422.83;12283061.33;11879643.85
11600464.37;11778430.68;11649559.82;11214310.49
11699633.86;11864592.38;11973518.92;11808760.98
11730965.76;11972146.59;12255259.44;11023154.81
10895447.33;12017952.79;12078675.39;11550123.91
11820882.9;12266695.76;12497358.56;12104586.12
12394934.38;12052445.28;11954155.36;11642916.84
11025050.45;12211540.03;12114739.93;11667232.6
11773145.36;11774125.63;11980435.17;11432544.72
10807635.05;12092680.64;11283710.02;10861457.44
11665949.76;11257791.44;11805730.82;11794999.55
11479677.92;12170024.55;12252778.14;11514300.97
11419720.76;11869980.43;12193118.65;11664425.65
11342934.89;11933979.33;11846379.4;11877882.13
11178672.1;11877678.11;11658376.89;11746928.95
11755123.42;11875333.15;12032270.84;11054272.52
12465171.74;11623253.32;12182861.55;11501232.8
11924704.28;11444968.93;11338369.62;12050526.36
11987022.36;12146534.03;11894804.16;11515411.36
11489181.77;12050619.12;11751034.19;10979443.12
11496259.91;11881813.01;11809129.56;11599092.74
11615447.01;11447951.88;12098999.32;11437665.45
12111986.53;12590398.63;11544123.7;11620128.6
10332730.56;11737664.44;12055537.92;11343236.44
11288648.17;12054911.81;11353999.58;11603926.39
11912171.8;11749951.78;12673953;11237415.35
11493366.62;12397136.5;12114210.22;11660182.46
11656815.11;12583787.53;11975796.4;11619054.83
11560331.24;11147911.09;11809593.19;10831382.98
12082754.6;11595473.36;12612429.47;11873869.05
11523407.24;11901697.95;12145610.04;11554851.42
11384329.05;11165533.18;11427913.5;11660484.89
11835906.3;11852647.21;11900703.33;11959426.65
11328733.96;12240866.66;11562296.45;11861840.31
11665231.52;11634866.83;11784113.43;12152841.26
12039624.2;11995831.92;12233820.26;11351524.82
11213349.51;12159387.02;12228051.05;11059173.75
11374964.19;12008196.95;11097589.5;11579299.14
11961482.39;12270509.37;12185942.93;11054355.3
11345373.72;12116616.23;11861810.13;11549968.53
10900026.11;12355251.15;12166233.42;11234976.72
12029830.96;11883760.98;11972327.38;11222348.63
11183531.46;11936870.08;11113438.05;10631769.63
11633658.13;11577445.09;11605227.34;10992262.59
11769696.03;11705491.11;11946400.61;12245753.97
10956075.48;11763978.51;12218074.7;12022822.31
11862880.04;12228558.39;12045463.25;11120925.75
11078501.84;11711415.84;12026720.4;10788041.16
12425690.48;11674195.65;11522919.95;11406503.83
11985174.62;12218749.69;11767958.26;12068403.2
12113749.64;11389852.95;11329114.42;11506345.41
11673241.13;12474391.33;11756305.16;11051796.87
11620289.9;11913981.77;12046438.54;11177623.67
11825417.2;11434965.99;12132650.89;11378537.05
11635672.62;12148231.69;11848024.12;10948344.57
11758266.28;12069240.07;11247813.61;11135998.2
11465779.99;11816626.18;12114287.01;11764434.12
11619884.57;11761196.75;12498021.06;11948317.55
11794737.42;11932957.9;11550939.92;10713009.9
11706541.07;11896865.04;12083295.24;11590483.86
10557195.39;11837179.08;12318034.81;11245012.06
12440083.44;12014053.56;11766281.27;11049737.72
11914920.98;11595837.84;12205363.19;11756991
12426434.28;12011749.89;11756287.99;11494178.42
11062595.64;11782215.91;11695230.28;11995484.32
11318411.41;12126673.4;12506717.66;12101596.89
11391414.74;12200361.53;11998562.08;11783396.49
11967346.45;11359810.88;11907593.73;10867867.6
12107458.71;11864767.74;11993553.14;11116600.34
11637123.06;11790833.12;11905720.03;10942995.86
11619886.52;12080056.45;11970572.81;10665978.17
11752172.26;12239101.52;11888719.07;11164624.69
11533984.6;11649622.31;12327291.7;11725890.7
11933779.51;11963584.38;12174020.79;11283391.36
12296616.26;11282865.14;11499157.81;11450807.98
11932274.3;11919125.66;11901622.72;11102151.48
11309466.09;11225004.66;11662012.71;11188251.33
11999111.21;11877179.49;11460611.8;12074540.23
11523491.86;11808577.74;12106929.44;11434152
11097201.48;10249498.73;12017088.95;11676121.52
11507799.69;12217710.71;12110483.68;11190557.12
11339128.33;12526514.39;12419169.13;11432577.05
11806182.67;11425452.3;11876679.57;12119958
11993158.11;12349655.44;11437095.72;11776430.07
11957018.54;11995176.92;11921310.23;11707128.79
11996079.54;12331615.42;12111073.7;11424683.88
11935099.35;11320062.67;11454685.88;12192162.09
11014319.36;11926315.88;11786017.31;11209462.61
11141318.19;11875037.73;11216393.19;11688752.97
11758760.62;11915413.23;11532602.39;11561964.6
11883899.93;12738641.03;12236590.49;11929159.21
11563081.7;11462609.74;10900302.98;10764174.69
10895412.61;12117305.87;12172006.34;11238966.95
11721331.88;11876565.38;12070994.75;11290802.9
11726073.29;11837608.44;12066871.44;11250036.41
11601537.43;12557807.98;12295526.64;11680815.99
12291969.81;11096417.36;12310728.79;11105032.57
11280740.08;12050810.45;11582323.68;10903506.47
11192405.37;11792087.84;11503871.47;12075640.2
11653198.82;11197675.75;11908385.82;11548904.72
11044530.68;11149893.31;11055170.46;11679081.01
11790047.23;11536310.86;11904892.97;11967767.51
11653497.84;11933997.71;11890414.95;11879876.43
11681216.99;11899803.25;11364411.03;11961782.45
12396876.67;11828165.55;12550090.37;11703512.58
11777649.43;12480725.51;11417435.74;12086145.32
11071642.22;11491090.28;12005482.63;10693477.96
11771828.62;12057688.73;11644355.01;11766492.15
11740613.23;12029897.86;11717944.83;12042444.17
11676696;11928518.77;11721432.46;11518929
11834859.97;11690901.43;12058787.72;11295445.12
11469121.93;11591031.17;11492550.09;11530769.78
11795252.37;10949589.04;12266451.4;11820663
11734455.48;12323086.31;11711704.71;12080270.98
12027566.96;12387380.48;12116813.79;11928451.27
11056190.04;12326810.78;12311469.27;11715572.78
12720311.11;11822104.62;11870459.44;10856212.82
11455204.99;12393328.96;12107799.34;11787107.77
11411301.84;12264661.46;11677343.17;11780614.53
11156071.23;11428832.94;11881609.31;11028527.48
11076207.15;12351864.91;12231141.44;11865098.11
12242845.7;12092758.81;11549339.49;11590177.88
11402355.99;11590923.82;11739152.13;11144092.67
11750805.22;11045511.92;11770664.44;11739664.52
11335206.21;11978841.67;12142181.95;11047281.63
12172906.02;11424861.9;11955379.75;11225420.67
11897197.17;11740867.09;12441470.02;11301219.69
11829230.26;11067578.84;10989023.02;11757171.3
12093629.68;11035162.62;11235322.36;12049831.01
11070588.29;12498384.8;12148284.2;11932222.28
10965894.96;12171586.11;11541112.35;11574901.33
11390428.65;12073291.32;11526389.84;10687526.27
10872178.18;12466250.42;11696173.16;12050939.71
11709690.14;11758395.52;11579929.45;11145807.91
11245183.07;11721248.46;12066712.17;11982913.06
11907764.92;11491579.33;12262307.23;11351993.85
12097338.26;11783677.27;11741041.69;11485973.24
11826314.94;11856097.98;11595296.16;11651263.71
11721990.38;12078435.12;11773527.68;11492645.26
11714263.44;12057397.14;12390572.37;11602002.85
12139264.79;12229414.31;11419909.79;11137195.96
11804840.71;12088000.85;12858366.58;12183546.8
11787312.61;11817301.6;12036005.71;11949282.9
10835032.89;11404993.36;12068660.66;11328617.28
11115019.54;11247860.2;12583909.43;11086055.54
11011758.77;11937305.07;12302558.33;11471799.71
11148840.01;11965313.48;11616988.63;11888102.7
12448306.27;11629606.28;11514853;11223630.21
11785316.21;11739170.71;12533883.15;11664728.93
12149848.61;11786090.94;12382840.16;11288652.98
11793118.85;11798765.65;11968843.54;11176421.46
11024595.02;12133714.89;12157331.09;11259200.32
11652072.14;12143605.41;11348842.87;11428669.72
11127591.52;12272854.85;11722976.61;11489543.26
11207647.94;11285405.3;10981168.54;11728656.56
12071730.88;11820973.41;11606320.54;11447512.91
11923626.88;11631478.34;11769954.95;11077513.31
11878722.61;11829331;12046608.81;11532182.09
11621010.19;12086099.13;11839963.32;11659455.12
11667957.51;11720751.66;11952005.41;11325856.39
11425743.69;11087441.89;11944894.76;11567652.1
11585209.56;12146895.42;11718355.8;10467006.64
11256415.9;11989764.42;11302794.71;10985722.56
11675819.2;11550544.36;11986187.74;12213532.61
11955718.69;11944959.62;11889901.71;11846572.98
11400213.12;11517188.97;11836513.69;11274925.38
11687099.23;11794778.55;12399048.72;11737497.81
11071898.71;12238558.8;11461323.3;11718104.07
12031899.35;11695633.26;11907389.19;11309555.81
11814272.07;11506541.48;11172637.03;11611277.47
11831656.6;12154011.18;12370600.58;11681099.95
11451678.11;11526579.53;11793671.43;11482655.39
11254276.35;12318625.77;11466967.34;11768572.79
11396692.23;11407391.28;12068715.15;12133284.91
11103018.41;11573953.96;12104749.42;11110218.33
10768776.15;11552937.12;11326234.78;11901848.03
11788580.23;12332653.29;12198090.91;11025357.98
12173051.45;12058048.32;11992693.37;11839872.35
12175369.62;11776379.06;11672972.68;12420462.44
11977502.4;12331994.22;12320439.12;11879817.46
11281230.41;11255448.55;11920457.47;11170521.75
10914860.43;12280288.75;12263734.02;11565445.19
12034865.26;11976046.82;12451688.88;11641957.69
11985167.96;12100234.13;12157822.21;11446432.34
11097255.03;11993106.86;12341778.94;11658800.55
11876582.24;10900822.08;12087245.9;11820964.05
12065634.04;12016386.24;12050699.12;11862626.78
12337514.1;12366602.69;11984574.49;11891303.55
11540174.06;11962402.46;12413020.23;11302517.53
11450440.69;11796641.86;11907767.85;12007398.04
11891156.07;12113722.01;11616225.42;11653559.33
11827309.97;11987224.66;11593207.86;12167290.53
11894807.37;11833533.2;11483763.09;12286391.57
11248807.59;12012210.63;11632484.26;11325883.68
11499277.05;11251733.74;12374291.01;11399667.44
11745051.96;11884498.94;12741794.81;12065097.49
11067281.11;12527183.49;12167479.08;11449736.15
11720557.41;11603240.4;12397803.79;10996135.85
11699643.81;10997767.34;11795236.61;11564080.14
12083589.11;11913291.73;10660112.62;11397907.73
11778909.34;11716799.81;12084640.78;11513247.7
11993319.15;11803757.56;11532811.73;11221441.72
11844053.54;11618719.1;11650115.79;11888708.57
11505481.91;12032571.93;12273948.3;10892190.08
11719159.97;11809240.86;11752726.77;12245245.61
11622030.36;11208723.01;11889574.96;11184339.46
12103882.06;11808831.36;12206517.44;11601803.86
12137219.7;11817305.02;12152466.97;11744003.12
11727124.14;11855398.85;11942548.59;11100603.57
11657746;11874919;11908134.53;11832582.81
11403695.27;11950887.93;12141515.09;11856786.95
10980656.16;11447929.69;12195011.88;11033683.49
11947238.05;11942227.8;12295363.23;11145194.51
11871420.85;11218485.34;12311868.76;11464785
10974922.06;10797530.7;11483901.46;11625646.54
11583126.1;11020791.98;12746402.68;11790126.03
11485050.84;11913258.41;12377550.72;11141666.15
11076831.42;11416974.65;11972746.46;12119090.82
11544443.16;11682231.36;12259824.82;11373108.62
11634244.66;12244089.94;11964218.62;11738830.1
11143608.25;11965494.41;12414229.41;11086521.41
11312067.12;11204013.56;11986977.21;11115238.05
11361600.39;12203953.15;11987095.48;11633940.23
11894825.44;11367177.44;12179733.23;11521252.16
11468023.2;12304138.05;11733620.55;11138880.93
10998640.88;11505523.93;12527213.91;11757726.05
11755280.19;12650938.45;11816304.79;10725033.57
10934533.73;11589430.19;12586936.68;10940763.19
11209325.04;11927818.88;12167415.16;10778551.71
11338935.25;11748512.87;12374954.01;11945509.11
11950292.64;11801555.74;11218304.49;11586450.92
12029477.49;11587156.94;11775464.46;11185764.06
11726227.89;11443441.35;11981344.76;11468515.36
11241104.7;12147432.78;11822239.64;11259718.75
11086717.87;12255104.33;12282095.41;11607678.37
11320090.42;11461120.8;11260304.16;11613855.03
11008735.72;11419768.34;11960858.88;11124200.1
11432836.44;11401312.2;12172811.93;11277415.71
11686247.17;12129683.13;11080655.62;11076454.98
11576841.96;12272391.63;11841237.85;11440552.49
10933669.31;12006530.33;12064095.59;11356830.86
11456748.77;12155424.79;11938078.7;11437190.94
11369956.9;12196345.84;12318720.11;11510257.26
11704214.9;12037391.57;12195630.71;11729955.26
12110316.24;11438398.31;12084010.38;11505174.47
11788729.34;11625402.65;12180361.42;10925058.92
11371033.76;12355129.35;12395123.81;11682998.9
12046821.44;11942286.54;11162134.36;11777278.38
11169578.33;11745283.22;11556111.48;11973478.3
11627705.34;11373397.7;12386042.19;11079431.3
11150657.91;12335683.33;11907907.55;11802909.11
11054925.12;12119448.62;11375930.69;11114249.3
11826765.69;11587375.01;11213461.11;11733935.72
11700944.38;11971557.85;11257315.03;11931049.75
11616521.46;12110833.03;11861911.62;11393498.65
11601767.29;11688529.22;11892175.6;11116941.51
12418910.76;11767236.27;12320372.41;10819846.97
10586587.32;11144296.57;11882445.26;11488227.75
11847685.98;11606681.48;11906508.98;12402934.06
11261642.36;11624763.59;12164682.38;11687531.87
12000866.62;11845742.57;11939388.1;11094513.51
11116642.79;12586303.52;11765810.08;11688764.85
11827039.91;11344176.17;11776917.51;11121655.44
10877880.86;11883378.28;12031683.35;11635999.67
11936065.3;12570015.03;12385317.86;11543719.98
11411053.21;12307665.93;11618889.33;11432473.27
11513923.43;12040788.83;12307215.71;11925892.28
11441165.14;11968843.13;11629402.67;12001406.02
11635946.31;12156089.02;11823410.58;11758235.32
12187145.62;11260339.6;11592201.94;11562922.02
11039587.64;12738439.8;12147069.25;11150061.34
11507358.57;11437820.84;11594827.76;11034955.1
11289229.37;12401100.9;11628996.82;11461081.95
11148645.66;12005584.44;12004009.91;11592163.42
11968211.17;11993398.01;12230845.47;11093400.58
11035292.63;12546767.37;12591885.89;11606034.74
11897693.62;11062669.4;12736280.15;12239263.29
11263765.82;12260035.47;12436423.84;11738876.56
11768277.96;12195889.8;12029468.11;11752212.16
12170598.58;11166768.92;12456072.52;11059494.76
11656174.41;12094773.07;11737271.12;11721439.08
11397641.63;12153351.01;12004469.47;11415558.44
11728527.53;11371369.04;12071644.32;12156901.07
11374327.28;11864477.66;11072091.09;11211928.59
11134884;12496948.59;11800398.51;11522333.14
10437531.12;11762967.74;11676193.4;11517658.25
12265321.33;12079852.07;11839630.48;10635235.52
11673580.11;11279287.62;12117479.8;11514351.68
11504739.01;12083759.76;12042573;11156625.8
12289420.61;11359253.37;11074321.09;11219196.49
11072873.88;11973317.1;11120048.57;11382920.77
11931893.91;11983064.73;12198357.19;10804172.39
11822280.42;11870796.46;12425935.59;10894228.2
11667505.51;11947181.34;12207510.46;11182752.54
12406275.1;12128009.33;12142578.23;11929306.04
11941957.19;11802409.45;12238076.7;11964367.04
11897965.22;12029376.65;11719435.21;11697327.9
11483065.55;11987355;12112117.19;11897679.96
11164823.54;11902926.78;12159243.99;12183411.51
11831036.55;12176327.83;12127007.66;12196143.06
11255329.63;12401206.39;12297179.36;11254343.28
11290563.93;12451797.37;12157072.28;11018002.4
11210109.44;12388169.66;12219736.95;11819903.01
11882613.12;11223923.71;11544487;11405321.54
12155473.86;12143955.86;11751329.08;11691802.73
11639677.83;11499856.9;11887570.67;11941791.09
11803907.84;11778603.23;11952908.85;11581912.15
11086445.97;12573782.07;12210746.27;11478458.15
11462685.27;11594540.38;11509063.23;11686928.84
11372419.99;11842296.41;12165514.57;11753335.89
11399769.93;11538615.34;12152611.04;11526988.71
11481941.41;12156207.31;11705429.05;11679030.49
11831355.55;11325933.28;12118092.59;12511020.16
11057012.56;11947441.1;11797296.39;11570179.59
12122302.71;11647943.09;12491123.07;11674365.37
11609792.8;12421796.33;11933274.95;12232902.42
11824816.7;11543039.59;11285351.95;12066774.24
11880855.46;11874174.31;11598397.02;11238420.7
11485601.14;11630011.25;12497910.3;11850726.87
12200017.34;12132384.18;11864758.42;12476442.33
11776541.39;12256810.67;12554661.92;12246242.08
10806495.77;11913057.98;12153452.72;12508813.55
11936349.97;12615589.21;12043887.26;11864112.01
11216508.36;11325305.76;12057315.1;11600780.84
12155794.93;12542096.42;11668029.35;12291440.06
11980841.91;11149874.91;11970616.63;12126780.65
12018899.49;11839194.93;12242503.38;12127884.52
12164522.99;11633355.65;12073450.49;12239006.59
11767743.93;11600852.3;11656690.37;12106476.71
11570407.75;11803365.6;11946536.74;12115824.81
11874748.83;11750876.52;11560095.74;11521841.49
11465943.81;11385121.58;12473786.61;11777743.87
11983977;12048643.18;12167381.27;11820933.45
11607685.32;11810092.04;12007820.79;12114718.07
11885662.23;12233516.09;11836801.98;11747955
10950330.26;11437420.55;12069391.65;11452529.65
11409775.87;12193283.75;12078320.17;11916515.96
11898313.21;11584271.22;11948945.89;11914917.77
11936567.11;11399478.73;12077597;11963847.3
12504681.08;12123941.56;12457767;12294048.6
12033085.74;12146948.95;11867617.81;12381937.67
11272168.2;11936482.49;11856374.53;12066510.57
11572001.7;12487063.95;12170485.92;12054368.69
11415480.94;11958738.26;12188983.16;12378616.79
11107649.2;11981445.11;12101920.58;11790842.61
11821184.55;11662205.21;11569593.44;11720267.35
10811725.21;11387033.21;12076373.31;12203517
12146772.35;12298310.54;11252988.23;11913461.84
11205755.57;11908376.73;12396444.85;12114458.18
10883194.48;11886495.13;12284461.46;12159105.18
10911001.35;12551117.53;12586222.63;11685984.74
11863083.02;11939158.65;11939485.28;12149964.52
11229712.39;12505361.87;11550411.57;12074550.84
11986652.95;12331477.54;11874992.16;11696099.62
11095096.7;11889005.86;11856625.52;12187258.39
11476329.24;11887325.87;11723619.97;11861490.6
12015319.44;11923520.77;11352478.52;12317049.11
11427310.45;12138369.35;12415992.25;12045545
11562561.68;11908296.23;10597779.99;12096881.66
10807704.16;11760010.56;12035343.8;11410432.96
11079285.45;11762089.35;12511530.43;11717071.85
11419370.82;12186271.27;11627773.54;11564827.31
11146495.77;12553414.42;12147088.9;12431489.74
11849013.47;11716217.34;11477765.41;11994165.93
10992025.75;12018188.34;11588265.68;11604200.8
11529077.24;12083077.24;12150664.68;11759259.92
11336044.1;11944710.88;11703730.32;12021538.1
11599811.61;11321314.63;11804946.45;11880715.41
11740273.05;12526650.27;12440363.1;12339729.96
11617001.86;12128766.01;11713617.99;12664943.65
10454445.9;11990067.25;11744070.45;11965886.44
11946746.83;12572340;12209372.86;11534825.81
11689776.62;11990448.78;12474684.08;11289675.07
11761119.13;12421819.7;11865229.42;10891028.83
11719289.04;12037394.08;11739813.37;12150413.46
11261935.77;12054754.6;12022551.6;11995480.51
12106483.74;12311038.8;12698962.42;12182740.93
11411501.99;12489519.09;12078018.21;11414266.47
11321788.32;11447678.58;11750276.76;12087897.9
11627560.56;12706615.86;11914810.39;12113636.03
12077704.71;12545190.79;11914076.21;11771293.24
10816076.97;11524841.11;12041056.59;12027279.8
11686456.72;11686959.1;11503236.54;11898454.07
11537722.41;11890324.62;11788414.95;11605390.38
11700054.15;11325666.49;11910799.39;12202629.14
11051318.28;11779093.92;12211605.68;12303237.26
11616952.05;12082274.79;11598338.3;11893778.25
11130497.67;12325578.22;12225501.78;11715163.95
11946947.15;11530803.55;12379751.41;12585204.32
11368348.46;11564792.14;12124964.27;11697261.61
11075421.34;11768436.95;11702814.56;11665104.08
11979422.17;11531625.99;12562208.36;12339852.19
11140766.27;11045065.35;11905384.11;12484330.96
12029930.08;12317054.18;12334752.86;11403690.26
12009775.96;12411271.87;12096731.73;11435841.94
11900794.64;12356729.09;12481186.88;12136960.42
11736939.05;11969707.93;11822229.69;11340920.66
12479322.41;11983132.57;11867423.55;11797218.59
11265065.83;11252751.74;12305462.42;12166760.02
11275197.95;12577569.53;10963197.28;11094055.96
11053907.01;11507496.47;12112102.7;12077110.65
11574219.09;12042042.57;12067388.75;11421588.98
12177811.33;12116180.89;12106292.52;12283772.95
12013960.62;11709568.12;11460606.78;12440311.14
11385565.91;11690454.82;12049035.98;12325852.92
11797923.66;12339169.71;11215490.82;12656057.36
11212406.9;11516688.78;11845318.86;12266223.06
11722171.54;11411070.4;11311918.88;11807995.03
11439522.82;11445246.11;11533999.71;12028136.69
11198541.37;12136038.2;11897986;11844661.74
11431380.66;12185106.97;11619126.18;12633429.22
11847949.37;12111508.72;12178729.26;12221837.13
12122085.37;11736164.06;11681295.95;11961421.63
11726858.41;12049796.05;12232016.4;11929699.84
11625324.64;11834207.16;11814000.92;11782012.5
11491749.38;11832864.06;12336930.17;11933528.12
10345207.6;12252333.97;11824498.66;11541404.18
11710141.22;11402347.81;11630086.46;12027497.31
10887862.95;12158448.61;11352843.37;11867365.45
