16590681;19607451.74;18249414.1
16618602.72;19141478.31;18171284.48
16367233.98;19422042.93;19014797.6
16375191.19;19145919.14;18675705.98
16895017.81;18862747.48;19198440.85
16548089.08;18821806.38;18612721.32
16822219.01;18658652.12;18102878.16
16411694.3;19421157.38;18087769.9
16171720.69;18994738.98;18561101.06
16414516.38;19461113.85;18374947.05
16639665.19;19565175.34;18355057.6
16180973.9;20078107.17;18827524.18
16838735.84;19469475.05;17895278.83
16503841.86;19155203.3;18830732.66
16545742.42;19165161.01;18947484.97
16255182.23;19032789.37;18503459.87
15887582.83;19291768.27;18761835.76
16535967.39;19807723.08;17827205.36
16495918.76;19935622.94;18895493.13
16361495.78;19793079.75;18536949.53
16034594.82;19563043.92;18611926.81
16045705.2;19324188.74;18710385.85
16169091.61;19420101.86;18321418.56
16472663.37;19413986.89;18513546.35
16353866.72;19440990.22;18561186.09
16567368.17;19278130.06;18351879.83
16751220.98;19716665.79;18232633
16128536.88;19462950.02;18585104.34
16499663.94;19575701.49;18418514.24
16544319.14;19320004.31;18988413.45
16470935.66;19499785.13;18673094.36
16187696.79;19236465.73;18226767.79
16457541.31;18238104.63;18660194.58
16463457.72;19321396.65;18328652.54
16353690.06;19712143.76;18680059.88
17405040.63;19487662.75;18088472.51
16418077.2;19559538.66;18614422
16247799.3;19591869.07;18784650.52
16702663.76;19019528.86;18915706.74
16535238.75;19397488.6;18735825.37
16741192.44;19561547.89;18492141.63
16501355.21;19050982.54;18345377.62
16580703.75;20044386.12;18566751.98
16021274.87;19392891.76;18844980.33
16508513.94;18975880.59;18712052.61
16196148.05;19515908.48;18892459.73
16194784.09;19363347.81;18678006.19
16091733.25;18872864.02;18740538.04
16200106.56;19232716.97;19272813.26
16371523.23;19595591.72;18423818.45
16226466.81;20001280.96;18855273.11
16350260.74;19594756.19;18049559.74
16384161.4;19476089.58;18265472.84
16204296.26;19296377.59;19019615.09
16437979.09;19258022.6;18551086.01
16595683.88;19542013.43;18433863.03
16822305.06;19279963.85;19006020.05
16039417.98;18996574.1;18627907.09
16417799.15;19409517.7;19146376.68
16660038.47;19190560.72;18483225.72
16430958.4;19295767.97;18702446.2
16441125.89;19307969.46;18881635.5
16378793.82;19272043.76;18935604.86
16483100.21;19918802.89;18483762.55
16688218.34;19487500.86;18343404.35
15969474.5;19277188.38;18573827.35
16102418.63;20109553.24;18372258.13
16112916.88;19695699.82;18712635.23
16626813.04;19198540.32;18701130.09
16289067.05;19356557.1;18762778.72
16645325.11;18791322.13;18719892.68
16210672.04;18837190.52;19316163.01
16003332.35;18822877.07;18747136.96
16533682.38;19124936.22;18965064.16
16493786.83;20015155.23;18384255.46
16476822.76;18982892.15;18423378.98
16838331.15;19500773.98;18422922.76
16484643.6;19471437.82;18230006
16320560.54;19020198.91;18862250.04
16089252.74;18969764.33;18739717.01
16478708.68;19172229.86;18860249.78
16764467.36;19405050.88;17899394.24
16832722.78;19374154.62;18816702.82
16274594.44;19479592.71;18805627.37
16413705.18;18668727.16;18440853.86
16676958.29;19129503.04;18840116.02
15999594.62;19274560.21;18568267.28
17105688.86;19573155.87;18277407.23
16809672.57;19097459.58;18354793.44
15944802.08;19313758.49;18428424.5
16200471.41;20206954.55;18429660.36
16339366.27;19312712.65;18419784.1
16389373.57;19111726.49;18986991.8
15781516.56;19174469.19;18830690.32
16432548.13;18422190.45;19039632.25
16289010.28;19141375.44;18919931.82
16518641.19;19671261.12;18228581.24
16186408.6;19022853.41;18195271.31
16354754.57;19317386.8;18380826.1
16650704.66;19045699.42;18198530.5
16069866.17;19037501.28;18559828.39
16254379.84;19310060.83;18800550.62
16490439.58;19283080.85;18655367.78
17207592.09;19945322.72;18824133.71
16355375.47;19446535.18;18150289.56
16124665.43;19458480.4;18958559.77
16583843.4;19223556.99;18284341.17
15951642.56;18377666.76;18574046.83
16710324.64;19288418.39;18719529.41
16720615.36;19813231.78;18381077.47
16271758.71;19142215.02;18916406.6
16807515.83;19907103.69;18453412.5
16229581.36;20007036.05;18415486.9
16158249.89;19558352.38;18184722.05
16056340.35;19513610.7;18505109.23
16331085.51;19749711.14;18644585.65
16570435.98;19172626.02;18288234.77
16038751.08;19739892.89;19032405.31
16362866.4;18759366.78;18439971.91
16383017.66;19803991.42;18481971.1
16765529.11;19386535.5;18154121.73
16740891.36;19016338.1;18343494.05
15949047.93;19105126.48;18720826.06
16337494.81;18959685.9;18538387.21
16252965.71;18915954.34;18788070.69
15916041.29;19517127.5;18660113.71
16693982.31;18878619.87;18096353.89
16440202.1;19010831.51;18741592.23
15793396.31;18945358.38;18670274.1
17189745.41;19626024.03;19012918.34
16013178.68;19253360.68;19038058.09
16366681.8;18633897.21;18679875.59
16979622.33;18543552.07;18074693.77
16758323.77;19774111.05;18673935.66
16727567.33;19364586.27;18797428.11
16507164.04;19738308.02;18611771.08
16672841.3;18700976.33;18410326.73
16092255.78;19382779.37;18991973.59
16338103.27;19375075.7;18524194.66
16112980.27;19518231.12;18099304.48
16884315.68;18805675.06;18356131.55
16174377.98;18861280.65;18673729.35
16933401.19;19401857.24;18392359.42
16616003.91;19174296.5;18401405.75
16425685.38;19860894.68;18688871.58
16326819.36;19103146.89;18860000.27
16401940.27;19409343.29;19190662.03
16532263.93;19401560.34;18703620.52
16374830.62;19029646.22;18759589.58
16455607.09;19767479.91;18361631.36
16679982.51;18895344.86;18704239.08
16318725.14;19717598.19;18312771.49
16622358.05;18919644.83;18107726.87
15866581.97;19623186.45;19082049.06
16834563.59;19204775.26;18620178.24
16599085.99;19618284.46;18919009.44
15918280.7;19323988.6;18790826.42
16227272.97;19757135.78;18688448.19
16319661.92;19093998.84;18657452.51
16861809.27;19021255.31;18845968.71
16678004.41;19496307.49;18407059.18
16114334.33;19629371.47;18324193.03
16660198.93;19343151.59;18263719.97
16627833.48;19172992.39;18587911.36
16496841.18;19523318.6;18512506.24
16455307.55;18491189.36;18546495
16344597.78;19400161.31;18632331.73
16120620.13;18760655.58;18870874.65
16054748;19023964.86;18385106.22
16424010.38;19387668.82;18443159.8
16976916.54;18356037.19;18707166.39
16082618.6;18504959.42;18725936.31
16531623.86;19297213.9;18714312.6
16428526.66;19904612.84;18713065.95
16330211.78;19370525.57;18701725.68
16592570.61;19313089.6;18468295.93
15891585.51;18944182.5;17943110.18
15956583.41;19760834.37;18983238.83
16363517.26;18663567.72;18765895.52
16205139.19;19174598.36;18790956.05
16168655.9;19073219.68;17843590.56
16746318.83;19391085.57;18677295.8
16600395.33;19129461.5;18737917.49
16294943.17;19569627.09;19294175.99
16574551.08;18926238.25;18389326.5
16469136.98;20239476.63;18629996.16
16016133.75;18770161.82;18509800.25
16517277.69;18865729.3;17832076.61
16209869.63;19282681.74;18673018.05
16524779.04;19248342.62;18215496.47
15978795.4;19556309.71;18644385.65
17015297.48;19127243.99;18439649.63
16275672.58;19075023.84;17749740.14
16552718.76;19151501.48;18350208.77
16084527.7;19272842.42;18243237.97
16305486.12;19981589.41;18350641.9
16304519.67;19353557.93;18330712.95
16587056.42;19068877.41;18367583.21
16763069.19;19530414.02;18246870.46
16253631.64;18526280.67;18800330.19
16456527.86;19298210.85;18799504.13
15813847.28;19425422.5;19013667.95
16474903.36;19087608.42;18399118.36
16525510.4;19554396.98;18598134.46
16259038.14;19809211.21;18085931.24
16263910.92;19538425.96;19086497.68
17124405.04;19119487.32;18686046.61
16363155.63;18884905.88;18615382.31
16071156.64;19296747.27;19142998.01
16188766.06;19629798.7;18377447.68
16195049.07;19399759.88;18160816.56
16125327.5;19712863.39;18263638.24
16187744.36;19604911.36;18765584.85
16572873.98;19487389.53;18350369.84
17016762.97;18833706.74;18320900.32
16423408.9;19240426.7;18403170.56
16017264.62;19262940.27;18890671.35
16569951.43;19565198.12;17935528.81
16163744.37;19123180.13;18693327.66
16544477.96;19675814.79;18772675.21
16314076.95;19986385.67;18904882.14
16530709.11;18768396.15;19003338.36
16425292.26;18971270.72;19346982.01
16190800.5;19545071.17;18630352.89
16270924.63;19371862.04;18747584.45
16434905.17;19674034.82;18034579.29
16565024.84;19127385.16;18870857.92
15920946.76;19133857.06;19178598.39
16434213.88;19213343.9;18742284.66
16204785.95;19542865.23;18589074.06
15632717.69;19209267.64;18256905.76
16582686.46;19337518.96;18596578.82
16064537.68;19453366.06;18543419.47
16711938.9;19441863.88;18267336.81
16050587.59;19480373.19;18425116.76
16575631.19;19397718.74;18293547.8
16375190.39;19676654.56;18743235.83
16088287.15;19826402.46;18715946.32
16135083.11;19450076.05;18824265.2
16594647.82;19543369.87;18530528.45
17223684.82;19263736.49;18574133.98
16640729.89;19441296.69;18789391.37
17061308.4;19510387.84;18791716.45
16279154.12;20146905.05;18285395.92
16530680.1;19113344.49;18536506.97
16574952.38;19700034.93;18817348.77
16078433.99;19845765.86;18067896.32
16656475.94;19516469.53;17967007.89
16705445.89;19454621.36;18917137
16294405;19567666.73;18597976.94
16051686.89;19441393;18169487.01
16086953.04;19541096.34;18385356.08
16576047.36;19528874.11;18051439.23
16535790.12;18684209.06;18682258.08
16808029.07;19036462.47;18979595.2
16381664.03;18669609.44;18076757.06
16363070.7;19756256.44;18778811.78
16429115.92;19052084.49;19676993.37
16229631.23;19132149.84;18702384.54
16760701.39;19167281.27;18503508.55
16709372.2;19420182.26;18512003.13
16676245.19;19222360.68;18621498.32
16447390.43;18841617.04;18237810.69
16837330.34;19453920.56;18539583.46
16654665.52;19652677.76;18769143.03
16270684.8;19628699.53;18712267.4
17256127.46;19342944.65;18350044.67
16658689.6;19134896.89;18655373.29
17100691.54;19394744.82;18221540.17
15852143.95;19672154.28;18485945.27
16155537.35;19200376.87;19016889.09
16362127.44;18913402.48;18545098.59
16284205.99;19535943.79;18198036.06
15797321.29;19047369.77;18815303.25
16868294.79;19254389.75;18534164.6
16239788.21;19068026.55;18202213.09
16507535.38;19073075.81;18539527.8
15825340.18;19842267.9;18145577.11
16140503.37;18878727.53;18243129.65
16106094.63;19033394.86;18590161.62
16660286.15;19188166.01;18471781.27
16684529.5;19300578.14;18091382.52
16081117.48;19076478.89;18279930.23
16047986.77;19762665.15;18229574.1
16010833.11;19166509.48;18222514.57
16497789.28;19502903.28;18232581.04
16361266.87;19372668.54;18499788.41
16737741.73;19018506.17;19224086.81
16279587.21;19618489.6;18606112.36
16168595.67;18599536.86;18865833.67
16334922.45;18805032.8;18711902.69
16372886.84;19298381.18;19301917.75
16259773.05;20091856.65;18924470.58
16424606.78;19108752.5;18442791.23
16147537.59;19124003.54;18768889.88
16295020.47;19267698.01;19180040.74
16640061.76;19734040.44;18095826.07
16306858.96;19236816.23;18207449.13
16451594.6;19340716.77;18267697.47
16159927.44;19547520.34;18501568.47
16294859.12;18753868.69;18769547.24
16548800.31;19940488.08;18664814.61
16314110.78;18905490.3;18927091.67
17133978.84;18932815.6;18548722.19
17012989.6;19533874.32;18247581.59
16471333.94;19672682.57;18546541.48
16450986.21;18646074.26;18464601.11
16371928.33;18808463.93;18697501.21
16237286.28;19090288.35;18458730.68
15790673.36;19658552.47;18363763.48
16390157.61;19785473.68;18457555.96
16340884.35;19553407.31;18480451.89
16708070.08;19490302.2;18464033.26
16467942.91;19727885.32;19014775.38
16309660.71;19070749.37;18927799.86
16077036.92;19947283.76;18546093.46
16374945.71;19297800.17;18679336.85
16788351.6;19535467.45;18066230.93
16714667.91;19200997.6;18462121.19
16467876.06;19152051.91;18382179.58
15939514.39;19367884.46;19013224.68
15949110.96;18403363.15;18522940.59
16643388.6;19088409.01;18117514.29
17001443.47;19026246.11;18542998.88
16524120.66;19069410.95;18167149.81
16130511.67;19020882.61;18389702.51
16556769.73;20094333.43;18293595.98
16065462.2;19894715.05;18780746.87
16277923.72;19354968.96;18711693.63
16438758.03;19010219.24;18957106.26
16343460.57;18766099.22;18950454.7
16101723.91;19273149.83;18664537.79
16349292.35;19560255.42;18616996.62
16060535.77;19399380.46;18324144.86
16310649.77;19253520.99;18657966.54
16924934.96;19656396.36;18428903.99
16938276.03;19111581.99;18718750.37
16654460.11;19514515.56;18962720.46
16275140.25;19288563.95;18453235.06
16658375.17;19755903.4;18454280.12
16104153.13;19442989.19;18839617.25
16429826.44;19463514.64;18460427.5
16147731.68;19749646.3;18090848.64
16443279.08;18801248.52;18328134.94
15780510.61;19203721.58;18007119.29
16814644.77;19283555.16;18820856.43
16109559.67;19110217.85;18545728.66
16451495.29;19158756.81;18483231.33
16591720.49;19209317.97;18708012.41
17073812.16;19339534.57;18361447.62
16152604.66;19016034.86;18552211.06
16268901.87;19805746.08;17992300.32
16635258.11;19591638.01;18677337.49
16561089.73;19095119.02;17928444.3
16128038.85;18581765.15;18182215.44
16334534.6;19203840.85;18582113.05
16255739.03;19088839.82;18471557.73
16336198.28;19766795.53;18171851.24
16982474.47;19251265.52;18664517.06
16204144.4;19706295.36;18457298.24
16651842.14;19353051.24;19071965.12
16472433.4;19665933.74;19154043.32
16329676.7;18658264.84;18426090.27
16618079.7;19643793.45;18929557.09
16673622.62;19089019.64;18413262.43
16735287.66;19099354.73;18269530.56
16559065.75;19762485.1;18294024.29
17161496.22;19098615.74;18357008.65
16180877.51;18810050.48;18325082.69
16623906.86;19613832.79;18159209.86
16456073.02;19696653.68;18471675.91
15844591.68;19302894.05;18478667.64
16572812.38;18682967.01;18768446.47
17018379.71;19196532.51;18509864.04
16149420.16;18965118.24;19465792.85
16244544.17;19448376.59;18361699.9
16031092.9;20098616.41;18782915.82
16424105.52;18671730.19;18260605.99
16494046.84;19058974.49;18687354.47
15891532.8;19131428.91;18486490.52
16083507.79;19017133.84;18804137.35
16540083.59;19301897.73;18563363.34
16351682.6;18860146.77;18169896.59
16256350.35;19169550.28;18826573.73
17049473.67;19563798.1;18111500.29
16464229.21;20446415.5;18720628.71
16545631.57;19025810.72;18423384.23
16043236.69;19040308.78;18585108.97
16814801.97;19072881.29;18491015.07
17006596.34;19190595.79;18265129.3
16980272.27;19417363.4;18505549.65
16768311.78;19537626.18;18598687.21
16682970.12;19520824.76;18358588.72
16519254.81;19117657.18;18054051.97
15996349.77;19571737.95;19162715.62
16119845.53;19726197.49;18380353.58
16579195.09;19296172.88;18549076.81
16781288.48;19314142.5;18432242.72
16510004.83;19239639.5;18898376.72
16729155.59;19627917.61;18860437.07
16552814.13;20025458.28;18594783.31
16351455.08;19119009.01;18199634.39
16803054.35;19558997.85;18200381.22
16497620.32;19252672.11;18336486.62
15977297.42;18896426.84;18229270.76
16221302.87;18505879.11;18217627.5
16620128.22;19561858.1;18630125.97
16214344.49;19380395.68;18770505.45
16906909.72;19039372.35;18388023.84
16257198.26;19254379.79;18806307.68
16487776.99;19350315;18479950.19
16586542.65;19066549.78;18461283.71
16634085.61;18954019.63;18620361.71
16325430.68;19624786.21;18420643.85
16238653.54;19904010.86;18922404.54
16730905.16;18985669.3;18459559.46
16477911.14;19429676.92;18899954.75
16634356.89;19809881.94;18714555.16
16960559.14;19369409.59;17962184.16
16474359.94;19287055.72;19071005.2
16424373.16;19272499.84;18133394.93
17031662.54;18887852.01;18253001.68
16752415.36;19363415.05;18258722.36
16695126.26;19764675.15;18420439.2
16513164.31;19398420.48;18709186
16685821.45;19140076.2;18649974.11
16428572.97;19470139.22;18754281.36
16371555.72;19403551.05;19100938.68
16712534.13;19477346;18158554.01
16551061.45;19242925.96;18613583.16
16071387.48;18887272.93;18852142.28
16557019.4;19864534.31;18444858.51
16252826.42;18822492.15;18707143
16809874.64;19311692.47;18120850.06
16496417.29;19216239.96;18337734.44
16103871.43;19046915.35;18777412.38
16301378.77;19009583.8;18730005.68
16134431.48;19207225.78;18184809.45
16197344.77;19778760.28;18772710.73
16018475.73;19230467.07;19076044.71
16258620.76;19754535.62;18540595.65
16658373.15;19176520.39;18530683.21
16502580.45;19855213.62;18187258.09
16565949.52;19054603.67;19010335.6
16278491.79;18674047.45;18759563.3
16203311.42;18733194.59;19124046.57
15961054.16;19114772.07;18656879.57
15990936.13;18944259.23;18995721.63
16315905.62;19065663.75;18535251.02
16761752.28;19785857.9;19044285.9
15937451.85;19429914.43;19125377.18
16496148.66;18700719.27;18479131.34
16597184.83;19453082.88;18510441.94
16292764.2;19250096.17;18135878.45
16326953.58;19779805.01;18432997.72
15542167.61;18975350.62;18186556.85
16146436.82;18543513.7;18117741.89
16600277.61;19578828.24;17843451.11
17068632.62;19539822.54;18711549.07
17207366.91;18848023.17;18886878.67
15983832.62;19308184.29;18972740.45
16486505.99;18502185.19;18131787.55
16603925.8;19305525.36;18288071.03
16137401.52;19384125.27;18653102.69
16528998.39;20046931.61;18369554.87
16988737.57;19459051.9;18228122.03
16672378.82;18961596.14;18691473.32
16223452.23;19333149.6;18492343.31
16293747.89;19065966.78;18883839.32
16272534.31;20394464.96;18658246.53
16411107.34;19727673.87;19034555.41
16514508.21;19392055.21;18711260.44
16592696;18994654.65;18605626.8
16211081.62;19247248.52;18397570.39
15885913.67;19811427.21;19083915.53
16255815;19209834.65;18716203.9
16735285.59;19008159.44;18641409.9
16614115.73;19426332.52;18432766.49
15943457.54;19731345.44;18561558.11
16237467.48;19203381.72;18158956.45
16464757.65;19322124.92;18771667.68
16346292.9;19329310.59;18414969.24
15963121.28;19364140.93;18806564.56
16063581.08;19466714.97;18310061.8
16830285.12;19261822.09;18423237.14
16903082.4;19560161.34;18530429.87
16214481.14;19032931.98;18085249.06
16652765.38;19762412.42;18512665.1
16512622.25;19615694.99;18698667.79
16103731.4;19398635.25;18620445.76
16184397.24;19369764.44;18538495.9
16265206.75;19513655.7;18488293.42
16472909.11;19549981.83;17987353.23
16192372.08;19286617.39;18439772.06
16552378.08;19067619.94;18879781.5
16610526.17;19301759.07;18420818.92
17031060.52;19572483.11;18456307.16
16506909.56;18722466.25;18554798.19
16301686.58;18679815.7;18651520.04
16392114.76;19475206.46;18525025.58
16345651.13;19225618.65;18294169.56
17115343.9;18964913.72;18762847.93
15801401.43;19217667.9;18557257.94
16254569.94;19879370.36;18409241.79
16200849.11;18897973.59;18243579.92
16611570.89;19431855.81;19098610.97
16435876.3;19667938.29;18827295.34
16829486.63;19054957.84;18056965.31
16507277.07;19192209.4;18875750.93
16178150.13;18608315;18518550.98
16849942.62;19413503.3;18363749.37
16556104.66;18908220.61;18532694.32
16197731.14;19562850.67;19644754.24
16536819.65;19239348.94;18015097.55
16378167.67;20150810.64;18898837.78
16843836.95;19514499.95;18660562.94
16254137.78;20053475.58;19179490.05
16364034.79;19296304.54;18701625.43
16276449.49;18963618.45;18081515.64
15821442.29;19281874.12;18487218.8
16394845.65;19530671.84;18967814.06
16693662.51;19566248.05;18810803.36
16487604;19179531.55;18665184.93
16024816.12;19958505.88;18372857.06
16325965.93;19745641.82;18963155.61
16412697.21;19225355.37;18842863.82
16632629.74;19631550.59;18573521.86
16216096.55;19722506.39;17906211.84
15848443.78;19806851.63;18334252
15990656.24;19243077.59;18882834.65
15894757.18;19464962.85;18421702.06
16343359.59;19511902.63;19050527.02
16372419.75;19205001.47;18814387.63
16292650.35;18877170.82;18923423.55
16535730.34;19512446.46;18658607.39
16578929.23;19146519.17;18946943.53
16514621.49;19237985.92;18087765.79
16535118.64;18913408.85;18790183.22
16253424.49;19667804.97;18715118.66
16627834.65;19241898.34;18893471.52
16415329.34;18806045.44;18513129.93
16276640.85;18963720.75;18849972.76
16046118.09;19397421.37;18376579.3
16671245.37;19129529.23;18593142.91
16561679.94;19607259.59;18418161.8
16488221.85;19263153.01;18550420.53
15863859.81;19238162.05;18530170.45
16880839.67;19175889;19133783.28
16267441.17;18789423.78;18648603.24
16801470.8;20040661.65;18849923.42
16603564.04;19429549.73;18940230.49
17161106.68;19323668.37;18307151.91
16986510.56;19532895.46;18501874.4
16599907.03;19270157.39;18647093.01
16759180.75;19129481.96;17956892.06
16909235.15;18859877.19;19100329.85
17109812.33;19757577.68;18214997.92
16753133.61;19143449.15;18912380.19
16406856.18;19101804.66;18579007.18
16460539.27;19754454.56;18293259.18
16620750.3;19341888.73;18982098.69
16624792.54;19626487.18;18617464.59
16831089.91;18955161.93;18477363.79
16570125.79;19618803.82;19273965.66
16508195.45;19299959.28;18708558.84
16538205.88;18977569.59;18549551.59
16531970.25;19498700.21;19365745.45
16638202.75;19256955.58;18367451.75
17163844.71;19216491.99;18677909.75
16175950.7;19407374.61;18541617.44
16568451.55;19662353.61;18520044.86
16286395.37;19150909.56;18063589.39
17128132.09;18972270.7;18851654.65
16881435.29;19730210.67;18431502.05
16604576.75;19107203.04;18098130.62
16056911.69;19543050.32;18948576.14
16432038.7;19026795.31;18291112.89
15921372.53;19706815.91;18189903.95
16034803.63;19085147.05;18609047.92
16344497.5;18820915.7;18330133.79
16229414.37;19223228.81;19307867.16
16461058.96;19061706.61;18921982.25
15696491.29;18783439.21;17936515.18
15809508.62;19827354.44;18420514.23
16410208.17;19010817.36;18616452.54
16678149.07;19320594.85;18693122.44
16855957.06;19445543.08;18447069.09
16481017.09;19882502.44;18616278.94
16230194.02;19986455.21;19089896.07
16446637.15;19626156.79;18638924.92
16387867.57;18828978.39;19239803.12
16113964.71;19548116.65;17874130.72
17040171.03;19280114.22;18306673.05
16758457.17;19338696.88;18083546.17
15917540.94;19445066.35;18129671.09
16453797.58;19482991.51;18490486.96
16599815.17;19315055.67;18909344.97
16171310.52;19908894.57;18703099.11
16890966.02;20029723.95;18521011.14
16296614.37;19347331.94;18225675.73
16446214.42;19599972.87;18674096.75
16050094.27;19565040.31;18522456.98
16221864.1;19636440.26;18288632.73
16708599.48;19698774.6;18708893.47
16882416.22;19057132.01;18413117.8
16482885.84;19200825;18724956.74
16003325.05;18363986.63;18384053.11
16282765.84;19308155.97;18731339.62
17145910.59;19318594.96;18587989.33
15726375.93;19041358.42;18348654.23
16405513.71;20088668.68;18644538.9
16561906.58;19365050.88;18833717.39
16096470.45;18830688.28;18758832.13
16348823.93;19839169.81;18893165.23
16532364.32;19411395.85;18404729.9
16278824.32;19687556.39;18562778.62
16238121.72;18704775.5;19161098.07
16262110.85;19162728.18;18392666.34
16189203.57;19728036.92;18581948.46
16438027.69;19003098.36;18396521.41
16505917.19;19155257.15;18481578.27
17090240.51;19189644.61;18749408.62
16253456.38;19183114.58;18390390.33
16567312.54;19598196.2;18905312.09
16306340.46;19099769.41;17844314.33
16147652.46;19470323.15;19039993.13
16114339.43;19933154.96;18693421.12
16434008.27;20149356.31;19330227.31
16175494.01;19509075.26;19069528.54
16384060.39;19946826.32;18445025.23
16821304.71;19664044.73;18326754.07
16131459.45;19262364.2;18877754.57
16373147.09;19604480.52;18433075.27
16355513.43;19605735.66;18792377.1
16024275.13;19351315.26;18479228.52
16314270.06;19725519.62;19333222.19
16327482.12;19533536.46;18314243.6
16439871.71;19359797.05;18381615.51
16937201.1;19285824.27;18338262.43
16459329.67;19926321.09;18279232.18
16773460.15;19128347.68;18966582.73
16390006.93;19752569.45;18941787.55
16403549.73;19882982.81;18617767.7
16410891.81;18611009.79;18814322.39
16280550.04;19676173.23;18189622.72
16222786.7;19140162.83;18647007.11
15866768.35;18989242.41;18270640.04
16361662.69;18871197.11;18690671.25
16332327.62;19547216.82;18786257.13
16736634.58;19272177.13;18666271.91
16429429.23;19069715.87;19267207.9
16862007.68;19131779.42;18570626.44
16657744.9;19120894.1;19153758.97
17008319.53;18853829.59;18921462.16
16366871.76;19348793.04;18787664.41
16499316.77;19543277.99;19447274.64
16661402.24;19710259.88;18279313.51
16058302.76;19085424.88;18532463.29
16479891.61;19392896.32;18689246.08
16293356.96;19389499.9;18477478.41
16809386.19;19411592.39;18356140.29
16774491.64;19426521.69;18630629.27
16825449.15;19269209.85;18253292.28
16804061.62;19205807.78;19302163.49
15947447.87;19306552.86;18672236.61
16262995.76;19035855.25;18973868.59
16346607.61;19427166.55;18220750.43
16405450.5;19797141.44;17996138.74
16616462.85;19245350.59;18581694.73
16534420.07;19169373.54;17958790.76
16205133;19536973.48;18508674.46
16528146.3;19635715.47;18724874.84
16927298.45;18927311.52;18634907.46
16632723.18;19370050.59;19494007.7
16604234;19606263.4;18737806.7
16103104.08;19706170.25;18518117.53
16179250.76;19071376.59;18460094.76
16306737.49;18734871.59;18919386.15
16306545.37;19416041.8;18418537.07
16175661.27;19289620.01;18147182.11
16092637.97;19426399.29;18174965.99
17076829.78;19566991.91;18375444.82
16380897.63;20099490.03;18517381.76
16037442.84;18923354.4;18800595.69
16110997.47;18840557.61;17940783.46
16517529.04;19146179.12;18485093.09
16284405.96;19328832.64;18251291.79
16329012.69;19616373.49;18361082.59
16128476.04;18896008.27;18469365.38
16276427;19450982.16;18642819.45
16657106.59;18637959.88;18409065.16
16697568.29;19583060.85;18166837.71
15710971.54;19138806.29;19176639.57
16546510.34;18893102.74;18565192.14
17001768.51;19638643.2;18680759.36
16347867.87;19978452.75;18502412.35
16390847.45;18917550.76;18279228.45
16512351.86;19637809.48;18287338.75
16335826.69;19368788.83;18747887.71
16253856.27;18770282.05;18774316.01
16625302.38;19946679.1;18065705.3
16468225.29;19592263.17;19481625.17
16618625.74;18774155.35;19193572.32
16207954.39;18722684.3;18545215.28
16458904.49;19634886.84;18740630.03
16385790.11;19030282.85;18981828.18
16901116.22;18859514.8;18136630.57
16255990.88;19248636.01;18292473.68
16426917.26;18884951.4;18615019.67
16602829.03;18650514.68;18452380.19
16500400.9;19685866.48;18572623.66
16223189.29;19831294.6;18489801.17
16615978.07;19301589.69;18318639.48
16433483.51;19275058.85;18404573.86
16350332.93;18456850.25;18491041.12
16632465.56;19211413.92;17396572.81
16874787.39;19153130.01;18832417.99
16341660.47;19577140.64;18216680.2
16385989.18;19250123.7;18412381.26
16443519.22;19982208.42;18251563.54
16129819.2;19376997.73;18596626.74
16727494.23;19557214.4;18534109.46
17416709.22;19334053.48;18217841.66
16725420.05;19148770.6;18292423.8
17076267.68;19115099.35;19045542.98
16670429.77;19687005.15;18362890.1
16000773.22;19424893.71;18729249.69
16409982.22;19407748.3;18625796.12
15922952.41;19408530.46;18224576.35
16273497.15;19538841.56;18401114.47
16706317.89;19009733.26;18451752.07
16902284.85;19501075.31;18514834.21
16642057.98;19640178.66;18573257.58
16439343.13;19072928.93;18834974.35
16129582.81;19194114.46;18368564.77
16642068.2;19702106.03;17706964.83
16514200.96;19739667.54;18335416.47
16429618.57;19643241.48;18942306.68
16486635.92;18928851.92;18723649.2
16634101.42;19440225.83;18456622.65
16695863.81;19602264.49;18930323.71
16646946.3;19997069.26;18681562.04
17131115.19;18922294.03;18522226.78
16805739.88;19266061.67;17604312.3
15898250.33;19451267.76;18588292.1
16441146.55;20116387.44;18222009.09
16211656.42;19226117.5;18801670.19
16573125.84;19647009.98;18669134.92
16528352.21;18934858.79;18423155.16
16554876.76;19232462.29;18637031.13
16338394.86;18714099.53;19216101
16467332.48;19080127.43;17924678.85
15866942.27;19003732.22;18540333.82
16789255.84;19528286.8;18367111.28
16809475.58;18824534.7;18942548.06
16905643.22;20055871.29;18282721.56
16580769.44;19778985.91;18263735.5
16191468.52;18561811.83;17850353.29
16582859.9;19124706.77;18470685.2
16114301.92;19195293.8;18621772.1
16471259.01;19052309.21;18488396.33
16357532.66;19589586.23;18134418.57
15877590.66;18828288.15;18508516.08
16408114.17;19713730.12;18800038.65
16689547.77;18844652.77;18205826.87
16348481.48;19521080.53;18412242.12
16418758.48;18576328.94;17919870.73
16189624.45;19087054.43;17803579.12
16723878.69;19378895.61;18435751.04
16546727.22;19175561.22;18181779.67
15999869.5;18720618.46;18651734.24
16520697.96;19148221.91;18243069.94
16776555.52;19360250.51;18581111.88
17263046.43;19446558.62;18405018.03
16707997.71;18346715.73;18421837.09
16428679.86;19570142.17;18642466.78
16379233.72;19289485.87;18324010.32
16502172.19;19090582.83;18667816.62
16285662.15;19462773.16;18660674.22
16463106.3;20155433.66;17900967.7
16771919.93;19939791.03;18923823.08
16257034.32;18945241.08;17691682.25
16665073.26;19815574.06;19098617.18
16257665.4;19107853.79;18501258.66
16356538.25;19050440.51;18497355.45
16425795.9;19225809.72;18616845.16
16206279.52;18988934.02;19093730.41
16375109.09;18797478.91;18798903.97
16047978.45;19305777.24;18724256.86
16776440.34;19255766.71;18315755.76
16516358.97;19335481.18;18022686.36
16540378.55;19504476.13;19019353.31
16281030.4;19255773.59;18415626.14
16551591.94;19170571.46;18633279.25
16655950.67;19226645.45;18430196.21
16128342.71;19596955.7;18281726.47
16113365.42;19957104.16;18740032.44
17035452.37;19804284;18265127.53
16163140.3;19693483.61;18574189.9
16072495.13;18679759.84;18163068.67
16668434.54;19557967.75;17987944.6
16775387.08;19431857.76;18334113.78
16561359.47;19195499.48;18282688.65
16033680.01;19368157.85;18883794.44
16746972.12;19728257.58;18595438.2
16097927.94;19588911.36;18093541.28
16595782.46;20246991.09;19417798.72
16111628.64;18884324.97;18385875.16
16364726.88;19712448.25;18695902.94
16648033.79;19674406.35;19039438.1
16698608.48;18961085.99;18329630.51
16703276.5;19279974.78;18354916.88
16821977.76;18930664.12;18293614.48
16842260.76;19162103.76;18409098.52
16557639.11;19213265.64;18322578.86
16342459.09;19692603.14;18405275.66
16270780.53;19496978.84;18641293.12
16082700.24;18387562.34;18748741.76
16925301.86;18677901.47;19209234.34
16738588.3;18912828.53;18774955.29
16735459.15;18837300.42;17679194.38
16168391.15;19376125.43;18438697.24
16392800.93;18773634.46;18340790.38
16207913.95;19527712.35;18234815.53
16496546.95;19721578.61;18619989.96
16493889.08;19507507.28;18280920.27
16421214.74;19671521.52;18341760.75
16339494.67;18972851.7;18512380.29
16808899.78;19005600.94;18446104.47
15943070.67;19417711.16;18727637.28
16377637.05;19253058.6;18789615.13
16062278.47;19275515.5;19594220.63
16463150.6;19236285.61;18708907.48
16978573.51;19246548.36;18689866.15
16485745.2;19191169.45;18382443.73
16626626.8;19440539.28;18607552.8
16862950.21;19146434.41;18344547.13
16196890.3;19323534.71;18020443.21
16657441.24;19697409.32;18984682.07
16485101.37;19541406.17;18306642.98
16517743.65;18947921.44;18880840.59
16557818.74;19474352.5;18867493.59
16054016.89;18976666.94;18837232.67
16463098.2;19344840.38;18342245.93
16641504.12;19136366.76;18385171.58
16618232.02;19449442.81;18385850.94
16423007.04;18437244.14;18817609.13
16226275.05;18923231.06;18605049.06
16699031.49;19532956.73;18829590.46
16257353.65;19170481.33;18989785.75
16284102.14;19757131.99;18964442.88
15988755.89;19525911.62;18478369.31
15797898.02;19403978.65;18273253.54
16087326.83;19130615.85;18912038.5
16780650.2;18713909.05;18782483.51
16093205.17;19364564.56;19045739.75
16669541.86;19548023.74;18519958.77
16342545.52;19328107.91;18607247.33
15987326.03;19239430.33;18371378.26
16617688.88;19292783.53;18463568.16
16059438.7;19162359.26;18762948
16498818.78;19759399.11;18250777.12
16463224.49;19610383.56;17882706.52
16700834.95;19496148.3;18688256.29
16644618.43;19080647.48;18663990
16611786.28;19840196.33;18592836.47
16525515.29;18673326.23;18763692.24
16358207.66;19791325.9;18545827.65
16770796.75;18864008.12;18352462.85
15879508.43;19727840.68;18316652.18
16546970.27;18905632.35;18551197.76
16494915.88;19721922.94;18778642.12
16257733.94;19905063.24;18211251.71
16783286.89;19677287.88;18714532.69
16233552.32;20077542.25;18422569.71
16003698.41;19265517.01;18165701.01
16504215.11;18750234.34;18843418.72
16914057.39;19033698.39;18108854.6
16691272.63;19488733.32;19040024.24
16747253.46;19133635.05;18911872.93
16599078;19471980.59;18529407.69
16436787.37;19874716.48;18322440.13
16085383.16;19342578.16;18729576.05
16418489.76;18951329.04;18981709.09
16537104.41;19236566.25;18732792.64
16546682.53;19622109.3;18618052.76
16286203.34;19782635.86;18283062.04
16497949.79;19847117.51;18644823.65
16330804.85;19321279.43;18378339.5
16366958.32;19096128.12;18141153.79
16101417.9;19393804.93;17914437.92
16821590.3;19029864.32;18583122.77
16266210.41;19489794.48;18417895.17
17082082.05;19592824.84;17878373.47
16155264.68;19475340.55;18549528.73
16328987;19175499.43;18715698.82
16359177.9;19241808.45;18485069.06
16088239.94;19643529.86;18788448.6
16406922.32;19518395;18684356.13
16304792.21;19396991.13;18994983.74
16626965.32;18883744.72;18356244.33
16342454.81;20113080.81;17743166.06
16531217.79;19589165.39;18209804.45
16346699.96;19427503.81;18461409.37
15984965.78;19483190.15;18208283.19
15961024.23;19551952.29;17970239.89
16401654.44;19885165.28;18374323.22
16417865.24;19319062.48;17768874.24
16474704.06;19653472.31;17946562.76
16217239.96;19249102.35;18312650.66
16970307.57;19847781.6;18890370.7
16799018.51;19505205.96;18379234.26
16423652.74;19415704.46;18489773.24
16600869.55;19611037.77;18910171.63
16557823.88;19610582.81;19162580.36
16539525.52;19376630.5;18640441.58
16107496.42;19610823.59;18134877.15
16175422.03;19590222.12;18125829.93
16020019.19;19834666.97;18339196.95
16411024.28;19754370.01;18546349.24
16402116.64;19757993.38;18444284.28
16281556.9;19149049.44;18287471.32
16631578.93;19490086.99;18348214.77
16090284.74;19584662.42;18669760.92
16318060.56;19348654.18;18488258.17
16897681.29;19042657.82;18085942.86
16637916.63;19188228.14;18096119.74
16386047.61;19349354.32;18499955.13
16432123.02;20486542.51;18335220.75
15977109.83;19336922.14;19053411.55
16141243.62;19458048.87;18295371.2
16464113.68;19076395.79;18928897.03
16064885.08;19303772.6;18758194.03
15604597.2;19094499.71;18610309.61
16766488.6;19050978.17;18193389.17
16030286.17;19289236.38;18553621.41
16306044.1;18890177.1;18693379.95
16660094.58;19494505.81;18422183.35
16261499.62;19256640.4;18626906.63
16270367.8;18801862.59;19004530.94
16677968.66;19916224.44;18470886.78
16037534.24;19715050.62;19060313.78
15910633.46;18838250.9;18175312.32
16175694.58;19373977.33;18162291.55
16490818.43;18780821.81;18747685.14
16152769.72;19259089.77;19117216.78
16278390.35;19794390.05;18378228.78
16703050.79;19946196.01;18507220.95
16098989.78;19543277.83;18370054
16221442.66;19104244.93;19150342.94
16367326.18;19333340.68;18502600.87
15725763.91;19409278.27;18377879.89
16148763.54;19286429.28;18977274.11
16937971.69;19822407.03;19117841.3
16386582.68;19847557.1;19026640.07
16606228.99;19990543.65;18574674.45
16478899.23;20081674.43;18656503.71
16476941.83;19172504.92;17920512.09
15885176.43;19649025.04;18867718.29
16541865.45;19493913.26;18814082.45
16652658.1;19563072.38;17823115.47
16354543.71;19300085.62;18937745.12
16870306.75;19005312.45;18729793.73
16689599.8;19436213.86;18377485.71
16394690.93;19136889.09;18649527.95
16564583.34;19577223.12;18487350.63
16478379.49;20084826.29;18803858.03
16370475.6;19621766.04;18388641.29
15839017.9;19601340.11;18561474.13
16341126.28;19405662.1;18995479.33
16721341.15;19485651.5;18658022.68
16098321.26;19295034.63;18311697.29
16048522.86;19311843.58;18357424.87
16591392.18;19397351.93;19183502.49
17074435.78;19538812.29;18168973.52
16451452.63;19155916.65;18323821.82
16538261.83;19644903.3;18198303.93
16271980.65;19475343.38;18932846.78
16417219.72;18728630.18;18605952.59
16116164.9;18997666.77;18251576.62
16173645.58;19196252.74;18593935.57
16492718.27;19498432.71;18205108.27
16130453.48;19178610.72;18243270.05
15895027.08;19654852.82;18315552.7
16141398.19;19341102.66;18149894.37
16276044.08;19012137.68;18584602.87
16695113.75;19536124.16;19078020.16
16339246.14;19371479.58;19243450.88
17471782.34;19393362.21;18282350.74
16751951.54;19900212.43;18148463.54
16483074.26;19833617.92;18751030.48
16803402.22;19178692.31;18274590.95
15588805.38;19476815.87;19043012.41
16885181.99;19370638.88;18344024.09
16730755.2;19308078.11;18182693.11
16633921.16;19988243.89;18273011.4
16418251.46;19317123.41;18271210.5
16584867.91;19759842.35;18154807.98
16228590.02;18887644.85;18808537.77
16643631.42;19061091.23;18535880.17