26186214.11;25902040.05;26251974.87;26076020.84
25719224.15;25839436.03;26609186.84;25653820.57
25708359.56;25493039.05;25735989.66;26323029.28
25433734.24;25322917.45;25920249.41;25544439.14
25403012.42;26282167.75;26042763.67;26128155.08
26505105.87;25225286.4;26780580.4;26214386.76
26232885.7;25931165.59;25771843.81;25816618.26
26875017.71;25694725.26;26138117.52;25773704.03
25841304.69;25634658.7;25778141.72;25996785.65
25530151.26;25972878.44;25587901;26106313.39
26294821.78;25771296.67;26461046.46;25487811.53
26350950.1;25445755.19;25857015.31;25699211.04
26110850.74;25325731.8;26550536.7;25550751.24
25688523.57;25877046.28;26197058.25;25970077.52
25958443.27;25429603.59;26244846.69;25787804.85
25156923.99;25703436.82;24938268.2;25962663.46
25643135.26;25944422.37;26230820.25;26427602.7
25964512.55;25546227.04;26022771.06;25634874.01
25874088.88;25858265.63;25351329.77;26142656.3
25807923.43;25808011.08;26149180.53;26165401.14
25909365.89;25474764.21;26418162.4;26293203.16
26357579.66;25655895.02;25780261.22;26184001.47
25725271.69;25076291.3;26082029.94;26067679.21
25840719.44;25609985.44;26340748.78;26115309.55
25434923.19;25936587.89;25469335.1;25758809.22
25670112.59;25503489.52;26428420.11;26171854.8
25613557.45;25512386.66;25944256.68;25613773.87
26025532.9;25217038.09;25525090.58;25829536.88
25644704.32;26192243.86;26187412.71;26008065.35
26095788.67;25681908.76;25965115.32;25308193.39
25780381;25329871.57;26282581.98;26036793.81
26191641.58;25753851.38;25717880.05;26147639.62
25488344.66;25945060.95;25507986.23;26398298.04
25864592.93;25605859.62;25465830.85;25657618.64
25464561.21;25787813.87;26188292.69;26105928.06
25868486.93;25473657.44;25957616.87;26079049.49
25335077.54;25450792.65;25515552.14;25634681.12
25689337.63;25583605.17;25966372.25;26241549.63
25683458.78;25420699.98;25432479.5;26235996.46
25959789.91;25827632.86;25778205.52;25995219.33
25676656.47;25842134.55;25606113.78;26202551.22
25904825.85;25119880.68;25639034.13;26387556.87
26321939.65;25826301.43;26046756.38;26116200.41
25887624.92;25069146.48;25818084.01;25575181.68
26081074.83;25836731.41;26258539.8;25826864.46
25901288.38;25350900.74;26585335.61;25822256.01
25270321.76;24950925.28;26375593.24;26236419.5
25239490.85;25365762.73;26709040.74;25865565.96
25487039.36;25424685.13;26482371.84;26432951.58
26247861.51;25693914.72;26094873.55;26064509.33
26082032.68;25509272.1;26636603.71;25688962.11
25904695.82;25661886.04;26148144.14;25928437.21
25412570.29;25079675.48;25714522.86;25854942.76
26046537.43;25803952.77;25826320.62;25892202.74
25461366.98;25698508.75;25748759.12;26007252.1
25629095.92;26519812.11;25819969.48;25446709.11
25851771.84;25596051.21;25892629.5;25737494.77
25549373.08;25600940.99;26339162.16;25608379.09
25491676.46;25906702;25943987.4;26162050.32
26385483;26057551.49;25826575.06;25931629.13
25592179.48;25720204.58;25944192.65;25979237.36
25914642.56;25290955.77;26165183.97;25521898.48
26340086.24;26143640.7;26026534.27;25906828.09
25626883.57;26099860.78;25853434.13;25780892.55
25781853.11;25617617.24;25625356.91;26450416.02
26149867.17;26223749.83;26033213.92;26030224.87
25712609.4;25443535.18;25910816.89;26018775.74
26065613.49;25684780.13;26578615.48;25685801.58
26117343.43;25452738.02;25756801.25;26082922.95
26142664.18;25796324.53;25580937.48;25911246.21
26166711.35;24921668.16;26203718.8;25568038.39
26241065.47;25994954.06;26169573.96;26020234.52
25824732.81;25536864.17;25471598.43;26110747.19
25352491.12;25356506.6;25995599.68;25868159.07
25625494.07;25943560.06;26040679.87;25521245.17
26454534.41;25083000.2;25737046.31;25473428.61
25701374.46;26158341.29;26954484.29;25348306
26269851.75;25689773.63;25911390.3;25778986.96
26265034;26055555.96;25840108.06;25861142.84
25278734.33;25266265.3;26044188.43;26515729.41
25703247.34;25738108.8;25941085.83;26403927.21
25376275.74;26537993.62;25903471.16;26092815.68
25576670.22;26012296.36;26026673.42;25913504.4
25615798.06;25250258.85;26085576.07;25808339.17
25951715.44;25744148.32;25973554.89;25817634.05
25857763.62;25588166.55;25968140.83;26231718.56
25821375.26;25613900.64;25693859.04;25914807.96
25963172.26;25163026.81;26155668.69;26437021.75
25806031.07;26063835.44;26559389.32;26404488.92
25361160.36;24873498.1;26140126.09;25454891.78
26532859.8;25344488.53;25659312.1;25598885.37
25498543.14;25717846.43;25676917.32;26097467.86
25996932.21;25267802.82;25980972.13;26091890.42
25850360.46;25325052.52;25794113.83;26046149.4
25864404.01;25838478.86;25840845.78;25883535.36
26210876.17;25671792.05;25618842.92;26069575.84
25847744.27;25418603.79;26362511.39;26228918.59
25731806.57;25545960.05;26058717.33;26063913.15
25765690.34;26006795.55;26141525.79;25892165.1
26051929.22;25683655.74;26017804.26;26086442.62
25290161.83;25851917.35;26345172.33;26086116.95
26317705.87;25352306.34;25380326.98;25810744.1
25846793.81;25616732.28;26211271.03;25652106.9
26163481.63;25134929.27;26034705.52;26125459.51
25855451.2;25743383.32;25453968.82;25319409.68
25699778.89;25769297.93;26006434.91;25688736.63
26544647.47;25312401.52;25735047.87;25702201.07
25892151.09;25738339.69;25417685.05;25978595.17
25799282.24;25792636.56;26327179.76;25995440.44
26616872.88;25229031.63;26242010.66;26556662.01
26107894.92;25439185.71;25813771.95;26082031.98
26269291.62;25624780.31;26289716.15;25776412.71
25643617.42;25141413.8;26187718.39;26011344.1
25536044.54;25562821.96;25666588.12;25903316.27
25852536.2;25512677.02;25504922.22;26125788.23
25616332.13;25381465.5;25825299.69;25989398.09
26142551.95;25387275.33;25801479.47;26235554.86
25793191.68;25076315.93;25944810.51;25956640.66
26087772.17;25312729.94;26310126.09;25948447.01
25570868.11;25434316;26249653.44;26184869.14
25539899.63;25104817.7;26038618.96;25556235.46
25018806.87;25746802.97;26162762.52;26121268.7
26437116.79;25308875.79;26251197.93;25916127.64
26013477.12;25568853.46;25704741.69;25487314.84
26244856.91;25654756.11;25555428.05;25805782.83
25683086.16;25265935.1;26080391.85;25528570.17
25969218.04;26091208.92;25397992.41;26276811.6
25753221.24;25887431.4;25700026.6;25868227.81
25719557.44;25731858.6;25678906.04;25924600.59
25698292.84;25636182.3;26436140.11;25962894.95
25506152.89;25637810.64;25893755.47;25663897.9
25565373.17;25644206.26;26212492.85;25824397.6
25945320.27;25271430.24;25838567.5;26335846.27
26292708.58;25492937.41;25280985.1;25851718.35
25849788.79;25888556.44;26041881.97;25584948.2
25884883.85;25997661.64;26210561.78;25826505.77
26190466.07;25725147.89;26081268.79;25814977.75
25992746.46;25236569.85;26334921.73;25991649.68
25863147.89;25455108.21;26132990.34;26051589.11
25840438.32;25896910.68;26375073.83;26119801.51
25954267.5;25249942.6;26121836.79;25882392.89
26066799.45;25438197.63;25469562.83;25984080.01
25741726.55;26007948.88;26072971.03;26255803.37
26004384.69;25763093.09;26291908.85;26362078.01
26285381.54;25860082.43;25338632.44;25853284.22
26117224.81;25712554.93;25781065.17;25610875.38
25790370.09;25719202.68;25731696.94;25884511.11
26108240.6;25592946.88;25859169.92;25890584.61
25708826.06;25037267.09;25937575.14;26064070.96
25629821.74;25706645.67;25345328.14;26079789.8
25806594.12;25395886.61;26125439.29;26394235.39
25773595.5;25782434.95;25940807.05;25475067.4
26060951.28;25285160.8;25816251.15;26211758.68
25992103.28;25515559.82;26231969.79;25790310.74
25753122.51;25429687.61;25413758.69;26441526.27
25667517.27;25759690.77;26051013.09;25731253.42
26127872.62;25186716.8;26060069.39;25791465.25
25917757.1;25614571.1;26222269.6;25821729.36
25436417.11;25575319.5;26113535.52;26850968.51
25801681.62;26070753.02;25917382.27;25480281.58
26026075.67;25988125.87;25910044.96;25901658.85
25672979.42;25976291.49;25394391.55;26108590.51
25446610.32;25880512.92;25781359.76;26033985.8
25934006.66;25792633.55;25978485.79;25784391.57
25742439.29;25674437.77;25742212.86;25824421.57
26024775.74;25550706.18;25555188.17;25791768.74
26120054.8;25167650.1;26046354.91;25759877.56
25796861.76;25206062.22;25655601.92;26024674.37
25997095.99;25473598.13;26531651.65;25880698.19
25521722.3;25621013.67;25624032.65;26298245.69
26138683.98;25414826.36;25903151.55;25962323.33
25229930.99;25944353.71;25752285.6;25642061.91
25914438.4;25763774.63;25685209.83;26076050.05
26260871.1;25541357.42;25642775.48;26112912.09
25484569.71;25609569.83;26622287.67;25935190.44
26121719.13;26081669.85;25862089.59;26012373.84
26014969.25;25684481.54;26021641.79;25707864.07
25957185.39;26080805.02;26136526.7;25384700.6
25789501.93;25602122.97;26139011.6;25961007.55
26020803.61;25280390.47;25981877.97;26012045.32
25763135.89;25700830.58;26438001.3;25229863.94
26300595.86;24935934.57;25766539.08;26129658.05
25449997.22;25765138.26;26057109.9;25684017.7
25746948.53;25117469.02;26163291.71;25922574.01
25470465.15;25395864.47;26590345.55;25467840.56
25381334.08;25611668.5;26002588.39;26151840.53
25826168.48;25598653.79;25981779.3;26004614.68
26109199.48;25350846.24;25843834.97;25831909.41
25876107.81;25504844.18;25575433.38;26078270.79
25675113.66;25561773.45;26441986.84;26588013.21
26129137.3;25861811.55;25730162.78;26239351.61
25287010.94;25265703.04;26058194.28;25707829.59
25862659.53;25545619.48;26298757.07;26037280.13
25995089.68;25178695.67;26005820.64;25466761.98
25885029.55;25713701.38;26321753.1;25956896.16
25443490.72;25524444.02;26145113.7;25844000.38
25745510.94;25751467.42;25768272.08;26098369.4
25474216.7;25554527.26;25816258.64;25920672.02
25992515.35;25539641.37;25653249.62;25786163.26
25819642.29;25872409.1;26151126.3;25937746.25
25519105.55;25799945.2;25614057.06;26256812.35
25970546.35;25860838.25;25878151.76;25983310.68
25526366.96;26601668.4;26118342.19;25996662.75
25933594.65;25303462.65;26188581.81;25636347.59
25726380.14;25500106.27;26040823.87;25560915.13
25667142.96;25163467.09;25708423.49;25979101.45
25660186.37;25217761.96;25905070.7;26272784.74
25959325.12;25731460.74;25771068.11;26292023.98
25624707.28;26116523.46;26331241.61;26269655.02
26228307.44;25426231.03;25391254.85;25448298.19
26291905.05;26319229.93;26114101.48;25858888.49
26071551.69;25381029.82;25986572.48;25612588.71
26550775.93;25918009.67;26733470.76;26609471.42
26209576.18;25543365.71;26636588.36;26112552.26
25496324.95;26180733.45;25832157.79;25731867.94
26319614.17;25561411.06;26097693.01;26082803.11
25872644.11;25495416.81;26327237.3;26126610.36
25311936.24;25853168.33;25559719.44;26245360.04
25712326.19;25458855.26;25700471.78;26021996.51
25451902.32;25381043.44;26059956.06;25997420.51
26237884.12;25697596.84;25908785.71;26195311.93
26017971.09;25914271.96;25961513.48;26053915.35
25175901.8;25824096.91;26575001.49;25674421.34
25745963.42;25884716.1;25773068.09;25617782.09
25883517.81;25614875.77;25994363.19;25804254.14
26044224.59;25378000.68;26623259.06;26067235.1
25897215.95;26217153.05;26014861.61;25970444.14
25696684.63;25311948.38;26344604.65;25739853.81
26169200.28;25184199.8;26144077.21;25998916.72
25553838.15;25797448.97;25827110.65;25999508.39
26352296.62;25699342.66;26292691.23;25648928.08
25888994.9;25497780.96;26039591.19;26159010.26
25712708.69;25695006.39;25740022.81;25811507.83
25795112.88;25664056.91;26125645.11;25589415.04
26144040.78;25002788.48;25657746.38;26520220.17
26250351.61;26010798.47;25856113.06;25983808.36
25432349.83;25601445.19;25909600.87;25933775
25797992.44;25637650.97;25933473.05;25817832.39
25721085.43;25364920.3;25560205.53;25946867.16
25925455;25891930.28;26150647.26;26525453.37
25380922.37;25986951.05;25796062.61;25781092.51
26229480.6;25456385.39;25947948.64;26021447.63
26234437.47;26246459.58;26633262.43;26076274.09
26222616.39;25905772.16;25771754.77;25938765.94
26584353.92;25718163.03;25779709.37;26020135.96
25699222.86;25560032.53;26390197.09;26063152.19
25721683.28;25365924.76;25706377.26;25825647.14
25588816.2;25761865.74;26157300.97;26500447.96
25542245.75;25744418.46;25266485.68;26233801.8
25853010.26;25263965.16;25935616.76;26022267.13
25672207.81;25721611.9;26438792.93;25424799.94
26001841.09;25462583.1;26071803.3;26181160.53
26192234.74;25474455.79;25756364.08;25961656.54
25946903.13;25678951.72;26138767.05;25847254.3
25939704.75;25090984.07;26020474.28;25843149.02
26052013.64;25556964.93;26253114.26;25572051.76
25711653.07;25943532.16;26250666.83;25330709.19
25706346.15;25673344.26;25755732.38;25710833.09
25516118.56;25776499.83;25659185.43;26026063.25
25329058.85;24976089.19;26112195.3;25510450.89
25829625.6;25884446.65;26521768.2;26317224.14
25843255.03;26067645.23;26055063.25;26352409.41
25831291.39;25576396.6;25526324.93;25769556.05
26344538.73;25592825.64;26034840.8;26373448.89
26319651.73;25320172.8;27083439.74;25783468.85
26003916.2;24983892.14;26216475.18;25833427.16
26285130.8;25729422.55;26513728.87;26221428.59
25921668.88;25877257.6;26019456.09;25914804.1
26274922.64;25103873.55;25685917.63;25706745.25
25523065.98;25536654.61;26299175.55;26266603.79
25953152.55;24969717.21;26290518.97;25304330
25997057.33;25439970.21;26388328.42;25888027.34
25256693.56;25768928.8;25524521.98;25375010.02
26381880.1;25313619.86;25609737.52;25793132.46
26177225.89;25189896.2;26126783.09;25925346.43
25882363.31;25850882.94;25956276.38;25926907.05
25401872.26;25513816.32;26212911.56;25468071.87
25992982.81;25934027.3;26182966.61;25413539.12
25104588.25;25736676.08;25800194.94;26232197.93
25635883.73;25634489.34;26010077.62;25134703.49
25266749.02;25435151.55;25827449.52;26143021.7
26008283.42;25802771.02;26016317.01;26119028.9
25955170.92;25628633.3;26248681.49;25838897.78
26196078.53;25825443.77;25983984.42;25886042.45
25565401.76;26146979.62;26498932.39;26306238.1
26067431.09;25682569.87;25847626.15;25656691.34
26408944.99;25322756.63;26049266.62;25544100.93
26058119.55;25687267.32;25755492.78;26071101.38
25495020.64;26334408.76;25839081.4;26035693.8
25972171.81;25608300.16;25896265.93;25730922.55
26399192.93;25629620.33;26077021.55;25884111.96
26338836.17;25739103.64;26417139.04;26545442.95
25827010.05;25811748.43;25751082.4;25997402.46
26257214.81;25946093.75;26588142.44;26368537.99
25707420.03;25498001.21;25446467.02;25816071.83
26176425.1;25631895.13;25725373.97;26030796.96
26244362.86;26065256.19;25933389.87;26095588.3
25531713.9;25867860.85;26417458.23;26025063.39
25642970.72;25361259.79;25935386.39;25615315.28
25951272.97;25060981.25;26656307.79;26104073.75
25816667.45;25448490.28;26226128.41;25742322.4
25906792.41;25559379.99;26163397.82;26279045.77
26279237.05;25905108.52;25989708.34;25954358.71
25859539.27;26181385.5;26411405.26;25764837.52
26177799.1;25276770.17;26287068.13;26109440.98
25639048.8;25647987.32;25719052.54;25487401.38
26051882.13;25616674.12;26046239.73;25772101.83
26686925.43;25506138.68;25704143.47;26307506.17
25888872.41;25486060.56;26031703.67;25998027.79
26133455.35;26317450.03;26445479.56;26164379.22
25850926.84;25824935.18;25798032.87;25824214.23
25449784.84;25763622.27;26441310.77;26019116.34
25899677.03;25609907.76;26017437.26;26043121.58
25933698.45;25297408.24;25993704.64;25858834.71
26046303.8;25457649.93;25998979.24;25576010.54
26150728.23;25372379.21;25724933.54;26247792.73
25755799.6;25856912.91;25643808.56;25598807.1
25651048.05;26101886.46;25834799.89;25991966.7
25816719.76;25305519.89;25571995.55;25786489.03
26061270.95;26054090.23;25700207.57;26584532.1
26032645.23;25319667.72;25752294.79;25984156.25
25806237.21;25631929.23;25680615.45;26318418.56
25964363.37;25518233.77;25802766.46;25862826.14
25733768.2;25289081.45;26736207.25;25528764.71
26221906.87;25723935.41;26010209.91;25802640.16
25173761.88;25442154.75;25541917.62;26308675.92
26173923.64;25801145.54;26308175.55;26011991.45
25808594.5;25536275.37;25707623.67;25828436.02
25647545.31;25565874.91;26490592.43;26103214.29
25851329.64;25451969.21;26207036.54;26253937.82
26110563.03;25947036.4;26328463.09;25911016.88
25929117.75;25702343.2;25442865.71;25391630.18
25327569.61;25898487.94;25581729.33;26013064.44
25660217.84;25294900.31;25804793.75;25808329.78
26408168.63;26003404.91;26297312.92;26316607.7
25758398.54;26048142.54;25843175.07;26036518.76
26118309.62;25447588.62;25836559.19;25696828.45
25780623.84;25278665.61;25948684.58;25694913.46
25832226.21;25588556.08;26082890.34;25960417.19
25441595.15;25597748.01;25814574.81;26297188.68
26328035.2;25368225;26220420.29;25635765.45
25904673.38;25383601.35;25814845.92;26135858.62
25978107.52;25955590.65;25502794.33;26425729.31
25545480.95;25563688.81;25734932.18;26357150.73
25999483.35;25771895.01;26326224.72;25958723.26
25173083.49;25358130.19;25694958.8;26137057.44
25537300.36;25342581.84;26255822.08;26444126.45
26273068.14;25851919.69;26170898.43;25979190.3
25645082.8;25703985.13;25809599.34;25866275.96
26482129.39;25349078.8;25931198.68;25788612.62
26095828.4;26016321.49;25557539.94;26234479
25630184.33;25749858.84;25666753.31;25798481.99
25748433.6;25628101.41;25767299.72;26222981.24
26106782.39;25707588.17;26168867.72;25736933.96
25861670.22;25418817.18;26124868.05;26005754.25
25830759.15;25994183.48;25810953.8;25802539.5
26161667.57;25820094.03;25723247.67;25642546.18
25865768.09;25570673.25;25936755.24;25973220.67
25771555.63;25461413.6;26296520.36;25797060.95
25974961.93;25281922.28;26219141.86;26075387.9
25401170.12;25340673.23;26200617.79;26039225.84
25502072.03;25364943.52;25793424.91;25907019.6
26336228.76;25155997.67;25970906.14;25736012.28
25382042.71;26272326.73;26315867.4;26195286.7
25937133.31;25312823.63;26256599.45;26009578.72
26376414.19;25666893.1;26067130.49;25669461
25544516.29;25574160.74;26283515.35;25725704.3
26043325.9;25591077.81;25931988.83;26251311.23
25608209.5;25776170.15;25913053.37;26375871.37
25903718.44;25559828.89;26489778.02;26162012.27
25685828.2;26235412.44;26332111.25;26683515.9
26336265.79;25383940.46;26610028.86;25808555.38
25991451.59;25966071.91;25843576.01;26116283.01
25828664.39;25996426.45;25876724.78;25783480.49
26096640.61;25591779.45;26036951.66;26169190.71
25540654.73;25572867.15;25887700.42;25532495.27
26201860.31;25195978.1;26006267.3;25569618.63
26111538.92;25794601.13;26500268.5;26276271.74
25860531.18;25500270.67;26269894.29;25838787.14
25843691.76;25779684.01;26051099.6;25910774.94
26117810.72;25392104.96;25562583.17;26326916.85
25856634.16;25589253.58;26067767.88;25508025.33
25915138.75;25870417.1;25859967.7;25959645.43
25480178.09;25880079.04;25809099.84;25748565.04
25672013.31;25744230.53;25879758.56;25985092.2
26155009.79;25924963.1;26029571.59;26049956.06
26161238.32;25831585.72;25475283.4;26243893.24
26152894.72;25712013.52;26396889.93;25599386.81
25594396.05;26270791.12;26002373.88;25659180.44
25734474.42;26361977.49;26411081.35;26073938.13
25998856.7;26040387.92;26213348.49;25784348.25
25712300.82;26123467.94;25430427.76;26279206.63
25922089.38;25215138.4;26093506.85;25604250.12
26479252.85;25320092.54;26100617.43;26116890.88
26070461.94;25484500.95;25985114.3;26388279.2
25732304.05;25626583.57;25684999.72;25995159.55
25594105.4;25564283.75;25999274.05;25731040.88
25956702.48;25519351.92;26369514.73;26145190.77
25922141.08;25166689.36;25918198.32;26145385.28
25700957.98;25474011.59;26061984.95;26028240.08
25596139.84;25551256.5;26413248.02;25816496.53
25259219.45;25774434.17;25915126.47;26252522.57
25977710.32;25454552.09;26196433.79;26443424.24
25735934.35;26108111.07;26350204.37;26092692.46
26120717.38;25849040.72;25895834.83;25914020.14
25565627.57;25427045.44;25748250.42;26527352.76
25668505.03;25938834.18;25853746.8;26172017.3
25381075.01;25962509.23;25301307.29;25730507.72
26160650.66;25554223.99;25653652.16;25859704.6
25721972.47;25762090.72;26316163.9;25603514.71
26393672.12;25121068.98;26101002.61;25428091.91
26006497.58;24890814.14;26184453.55;25746844.49
25873404.11;25936007.87;25742280.67;25861424.82
25932704.97;25812675.16;25385341.84;25726830.55
26648228.77;25599098.75;25833934.16;26121673.46
26081126.71;26071581.77;25905026.66;26235360.19
25896984.9;25563335.75;25971556.96;25596392.8
25764061.32;25685764.36;26063730.16;25762972.18
25907846.44;25916663.19;25565656.48;26084607.38
25801266.17;25986460.76;25683445.66;25860443.59
26443401.77;25844300.75;25871097.12;25680356.24
25594915.34;26208265.4;26182685.31;25939416.35
25636931.11;25124642.17;26201426.91;25856944.6
25311436.68;25616520.17;25567724.01;25685254.85
25803707.68;25866477.49;25560042.3;25877629.98
26078150.54;25276216.43;26041525.65;26241308.14
25562705.65;25297544.08;26215523.12;25612964.83
26084088.77;25584463.5;25949581.45;25877200.66
26193861.26;25773051.76;25456600.16;25976872.82
26260564.35;25841137.66;25540266.06;25995342.55
26123165.55;25405456.27;25814581.93;26122495.3
25867413.39;25101060.8;25710933.87;25954032.46
25703477.07;25873344.1;25753739.41;25916081.54
26091984.52;25497618.26;25995791.65;26418600.93
25592706.35;25820717.76;25803245.81;25653460.62
26079654.24;25603451.45;25625852.54;26359771.08
25725530.35;25345670.39;26014987.82;25902188.61
25654149.46;25971171.85;25666282.01;25623439.39
25486901.51;25533733.09;25590869.92;26067930.25
25896539.17;25305614.23;25854076.78;25533704.27
25497303.33;25670683.28;25851680.01;25893270.26
25720856;25815527.1;26240258.67;25628680.21
25897536.12;25583198.47;25986748.21;25464707.61
25779557.43;26117116.18;25290168.21;26315501.47
25602315.25;25314297.2;26187480.96;25516714.77
25251321.43;25803733.42;26451537.55;26284621.42
25284974.26;25500506.34;25631291.03;25810453.72
25933801.54;25889047.46;25373823.45;25648410.58
26141969.36;25458849.84;26444575.77;26264525.16
26081493.46;25506546.78;26652393;26477853.13
25622447.91;25449738.22;26107722.4;26312090.92
26717795.38;25498079.92;25893666.16;26176345.5
25999417.58;25915175.37;25444620.55;26340254.38
26279268.27;25221179.75;25921553.58;26319880.91
26634415.29;25694780.27;26393509.7;25605384.15
26088186.37;25289863.05;26450669.49;25615853.47
25819348.31;25909322.84;25592303.85;26215421.67
25339498.53;25956854.83;25549172.95;25866531.49
25675372.1;25545271.37;25947982.06;26351188.91
25811942.63;25429758.39;25817960.24;25667447.41
26107851.39;25891806.04;26339504.64;25877636.03
26395340.46;25622538.06;26089136.38;25739204.14
26091918.72;25106717.61;26108736.91;25504583.58
25930929.42;25806546.21;26433572.98;25588851.09
26163999.94;25685426.12;25765692.79;25902412.92
25681660.02;25180009.94;25845531;25867592.9
25776288.06;25516456.07;26364496.49;25773181.84
25498185.25;26019405.6;26303971.07;25749975.92
25664853.98;25779639.53;26364814.03;26252558.85
25794252.19;25798882.49;25977469.61;25561972.16
25272764.19;25426441.61;26306678.53;25839938.09
25346402.24;25574037.73;25622266.16;25785072.6
25559390.66;25536038.23;26011483.17;25689618.2
25412739.79;25589605.68;25813218.9;26558586.56
25823193.9;25507830.62;25698242.34;25761011.24
25879089.53;25783867.13;26145341.6;25773644.44
25726586.75;25546555.9;26052775.13;26417498.12
25602317.46;25643144.54;25879995.52;25813587.41
25387872.91;25198300.1;25679559.62;26340000.7
26040570.74;26093318.15;25822597.65;25749220.07
25960054.91;25191812.12;25387622.63;25494429.54
25288817.21;25849088.68;25419348.32;26063214.02
25667903.54;25760655.68;25746278.19;26131507.87
25868813.63;25114996.42;25886953.9;26009630.27
25941280.68;25252763.36;25949304.12;25966128.32
25644768.34;25619213.05;25522646.03;25719825.33
25766257.73;26082981.65;25825041.41;25560919.85
25923042.58;25718721.77;26271604.11;25508425.35
25542059.87;25999915.14;25677674.98;26251539.16
25998538.13;25847445.72;26096895.38;25822250.2
26036631.48;25545408.49;25966843.6;25830167.94
25686903.31;25600720.42;26030384.67;26522230.43
25940782.03;25350901.47;26466752.5;25968573.14
25393968.1;25655940.25;25847170.31;25654864.12
26268896.9;25647213.14;25868425.39;26123977.59
25596572.92;25730514.04;25743795.2;25920537.65
26028628.58;25696682.67;26060053.61;26179977.94
25595954.05;25547067.47;26333644.09;25951692.67
25716167.74;25513039.86;26284487.71;26098278.59
26074231.86;25935484.57;25965765.35;26389017.89
26134644.28;25575829.41;26598182.07;25754238.79
25956094.36;25514870.76;26071008.11;25859871.79
26409627.6;25301225.63;26076717.36;26273216.57
26096051.3;25232126.4;25344342.06;26171070.11
25958072.17;25377855.58;26114242.38;25822854.5
26282399.16;25508293.31;26206792.65;26149367.68
25983132.85;25913058.24;26631554.34;25952257.75
25824828.55;25290184.46;26005654.22;25627647.42
25710268.21;26068109.92;27238055.32;26295082.27
26304365.95;25956111.77;26679591.24;25828401.92
25647095.21;25964281.16;25901746.06;25831578.3
25559698.45;25497727.02;26186536.32;25688713.3
26047661.57;25659989.66;25945472.69;25879730.65
25802869.83;24981963.91;25996231.04;25618979.62
26300221.07;25713360.69;26109201.53;26367134.82
26038482.52;25258906.58;25644636.73;25900836.53
26067622.24;25748534.18;26176406.08;25372342.13
25393542.54;25236668.1;26437055.19;26049544.43
26093812.17;25397488.3;26595702.75;25952738.63
26127480.31;25774629.82;25866925.98;26136924.15
26268595.95;25663308.44;26011029.59;25934300.99
25673051.48;25604456.89;25735201.75;25849258.31
25652641.25;25822388.47;25747572.68;26072697.44
26054658.63;25717016.42;25957424.15;25496841.8
25954425.57;25624636.43;25839271.76;26139960.68
26381194.12;25504639.43;26238641.04;26111705.24
25836452.16;25599132.13;25953790.22;25983930.36
25471965.34;25923346.41;25814997.59;25872084.28
25674152.56;25390068.86;26029063.01;25968734.41
26450460.46;25488973.69;25862551.43;26000880.78
25978978.09;25298687.48;27123943.57;25867498.12
26527386.28;25336873.14;26349829.07;26308642.38
25296068.11;25408469.69;25431088;25960670.43
25941095.44;25573089.36;25746726.27;26144109.8
25853888.34;25727750.65;26123654.12;26027110.27
26060841.61;25784276.13;26276382.95;25539360.89
25483031.46;25404797.17;26138901.72;25812292.43
25854964.79;25312440.67;25623825.1;25688256.26
25637849.44;25757477.43;26423733.01;25634839.22
26015938.24;25462641.84;26049123.97;25460439.27
25672493.63;25264414.03;26115508;25618888.48
25908577.61;25859990.26;26039102.75;25866384.58
26107012.26;25927795.12;26245042.4;26086319.43
26038949.28;26098441.25;26308459.46;25860963.16
25940763.26;26008897.58;25732743.75;25923235.02
26394505.92;25781538.74;25847968.19;25951964.66
25493869.02;26081517.35;25986850.92;26514687.13
26064211.38;25378095.26;26031885.92;26155452.5
26197817.19;25361585.9;26204918.15;25983113.48
26082394.34;25595281.96;25795301.06;26224606.38
25801598.12;26038461.98;26372173.47;26202565.13
26001755.96;25592130.89;26206900.43;25987882.63
26152459.25;25748989.17;25598498.96;25788171.09
25842992.29;25166931.37;25899832.69;25664572.43
25919394.31;25905068.16;25822002.59;25797510.2
26218517.07;25397707.14;25741954.43;25951269.52
25923117.97;25912038.63;25583943.08;26138624.05
25875253.91;25918678.16;25854686.99;25313064.58
25864168.01;25522274.83;25607519.29;25661506.42
26291068.46;25612955.53;25542086.71;25443245.79
25698414.2;25277303.27;25875600.14;25914602.65
26079116.02;25746122.39;25581629.78;25873954.71
25949005.59;25714736.47;25462167.19;26215785.64
26225355.1;25683739.98;25649920.92;25415045.3
25388669.95;25688407.7;25204757.83;26510551.9
25647831.72;25082465.5;26161534.02;26091088.75
26051693.92;26017551.52;26067361.72;25718487.67
26132339.76;25727989.38;26038276.35;26346473.46
26097530.64;25442445.88;26303749.24;26031889.87
25505787.48;25287655.91;25992771;25929419.95
25801967.46;25508355.97;25414323.35;26445075.08
26088838.98;25868899.17;26032039.67;26574944.94
25927506.04;25460201.85;25937725.16;25919569.23
25919575.07;25680208.46;26237603.11;25674336.43
26070970.62;26019664.02;26029317.79;25585417.8
26040657.79;25924094.23;25523878.45;26278805.17
25683380.25;25393405.31;25837180.68;25864290.08
25224571.62;25247870.85;26030122.15;26368426.2
25577920.68;25223532.33;25885075.46;25416088.35
25866557.8;25449995.74;26175476.74;25723065.32
26079448.98;25416492.62;25823026.82;25938864.39
25709491.88;25757085.32;26371503.01;25920400.99
25993642.08;25905545.33;25214797.81;26174755.24
25620053.64;25129366.38;26280426.96;26066664.97
26026487.77;25830592.95;25860372.67;26006963.79
25958077.11;25179992.36;25797554.91;25950282.55
26054441.27;26487611.89;25863580.7;26226611.51
25805330.21;25433527.71;25895148.91;26169538.92
25854636.77;25511579.03;26595159.75;25865360.45
25973095.38;25395924.41;26089510.41;26080531.39
26798705.06;25656338.57;25732235.84;25450167.08
25900122.38;25390338.98;25739097.5;25939635.22
25852453.12;25381075.21;25875766.21;25909565.35
25619292.32;25548421.63;26024031.83;25674973.65
25614484.37;25629470.29;26388553.36;26399722.67
25884462.95;25682719.61;26296978.97;26328121.77
25912167.3;25662505.5;26226025.07;25606770.57
26144963.08;26137544.68;25766229.33;26636707.81
25760147.59;25685810.09;25970891.44;25918681.9
25491701;25584726.8;26049066.63;25961361.53
25294980.97;25811428.92;26448168.39;25837595.67
26073605.31;25309374.05;26027302.97;25737655.66
25657135.7;25525809.45;26009536.98;25897115.18
25788452.16;25443793.43;26343343.17;25841336.53
25492377.09;25492945.15;25792653.75;25542997.81
25674486.81;25617355.53;25742437.55;26040955.25
25648224.78;26408739.9;25477277.77;26166254.3
25739669.47;26092295.14;26172065.75;25915940.38
25389092.19;25147607.89;25780971.5;25852745.5
26362949.89;25645464.79;26417479.56;26189865.55
26384401.47;25367291.03;26134736.14;26151599.1
26029009.41;25583887.95;25813744.19;25454021.57
25754944.13;25868313.15;26408155.7;26089694.79
26260393.3;25805263.18;25879789.45;25800705.81
26025507.35;25635435;26176342.98;26211098.77
25944095.73;25796244.03;26699527.19;26175341.54
26031589.89;25798138.08;26121901.62;25613923.11
25820579.18;25489772.39;25903906.23;26374111.05
26386547.13;25520472.08;26354260.28;25899581.38
25913815.84;25776159.44;26529947.64;26169393.2
25837006.56;25604701.88;25577680.03;26615654.79
25347483;25231546.56;26119313.61;26200435.57
26090243.16;25204118.36;25806401.02;26099354.86
25771815.86;25653312.21;26198795.87;26093870.57
26232507.54;25452793.36;25990974.81;25832595.33
25649951.35;25802001.07;25952374.08;26274593.86
25899597.59;26417903.37;26176202.18;26018720.29
25927157.23;25858040.93;26077355.49;25796947.98
26258781.46;25670189.36;25666691.97;26182799.53
25992730.78;25663946.42;25978269.49;26038725.42
26029325.98;25265404.04;26079794.2;26100332.67
25261716.14;25538451.52;26157482.89;26145657.04
25821742.15;25680330.07;25972993.42;25578833.39
25845953.91;25402418.24;25644257.92;26025472.73
25911006.65;25253835.17;26030833.54;25840846.22
26148455.04;26086520.44;26376778.36;25796961.55
25458620.76;25347284.19;26004019.54;25962427.67
25986459.27;26091372.52;26074273.5;25941427.79
25669396.01;26069112.6;26212120.1;26590379.79
25490287.06;24934061.76;26198706.7;26272437.31
25505445.16;25027022.94;25805006.51;25780396.43
25826785.19;25467598.52;26194451.54;25803682.79
25597809.14;26134552.95;26238783.37;26020630.5
25819179.93;25487301.91;26382534.5;25640761.21
25494232.24;25579809.53;25720843.61;25501541.08
26019621.59;25598194.07;25920821.46;26301452.24
26204818.56;25865866.48;26135351.18;26029833.25
25245729.79;25502851.56;25882719.17;25651558.18
25267760.3;25373082.05;25764705.77;25564027.79
25724923.95;25165959.45;26041836.44;26089290.07
25875793.49;25328244.17;25719512.46;25976907.69
25924298.68;25753997.59;25833457.45;25650637.72
25537874.27;25605049.87;26249878.95;26197821.86
26404702.67;25359865.31;25634327.71;25521417.65
25457584.02;25515939.09;25720835.86;26186893.63
25944076.92;25802448.42;25551933.3;25621047.81
26085675.68;25517337.51;26354993.64;25975712.33
25444393.36;25655767.26;26040912.41;25976156.86
25208712.91;25592127.7;26652052.33;26077185.74
26061621.83;25559183.07;26120592.63;25595747.95
25805952.61;25477913.94;25832442.84;26746662.61
25481464.43;25673526.13;25882197.73;26299479.58
25863162.43;25677885.62;25957563.45;26058583.8
25388511.01;25396898.01;26408413.58;25772362.23
26228310.49;25752369.79;26153987.59;25957984.03
26969584.35;25276200.1;25784006.92;25925745.28
25992300.59;25830445.93;25817090.98;25568079.22
25892892.77;25454241.67;25619138.93;25950950.83
25885578.85;25315813.62;25444402.9;25313882.17
25851579.69;25966445.4;25818530.91;26220727.61
26844437.3;25970676.9;25535038.98;26266183.4
25378724.91;24968913.84;26099019.52;25428579.47
25784134.58;26000120.57;26087194.41;26058511.59
25798481.77;25430457.04;26406015.51;25507572.21
25700317.28;25692718.33;26288835.7;25016269.56
25928027.87;25121174.62;26453757.36;26024381.42
25459185.3;25544226.84;26112481.3;25873019.53
25957615.46;25329828.71;25687986.28;26558485.77
26299321.44;25870121.76;26008983.04;26231664.4
26101122.75;25448588.14;25795860.62;26263289.6
25513149.52;25790751.18;26176733.07;25925666.13
25869394.19;26121638.67;25884693.53;25842555.44
25815571.58;25829576.46;26161353.56;26046467.94
25485258.35;25846613.04;26377551.37;25857731.05
25961110.45;25362567.87;26301539.11;26624463.81
25417187.9;26057478.11;26340386.73;26036955.47
26248000.26;25509265.3;25742951.73;25816625.37
25259648.13;24924931.65;25870334.66;26055653.39
26079861.16;26106692.68;26083476.31;25884502.93
25617127.59;25347269.2;25479846.68;25637264.69
25956321.43;25581745.37;25896372.6;26350407.21
26326616.12;26010867.53;25682290.04;25793607.66
25318368.8;25719563.54;26259034.16;25890741.24
25943212.72;25362513.1;26062877.45;25921480.38
25617351.23;25372519.42;26349465.91;26068580.53
26071949.37;25680770.03;26066237.24;26179146.07
25801312.28;25657211.49;26195298.17;25670565.33
25470829.12;25170451.5;26384613.19;26053931.87
25851313.92;25448422.74;26185796.29;26053943.37
26140786.7;24997821.66;25677786.01;26157710.46
25280466.62;25440844.23;25430667.45;26227996.15
25909421.87;26074621.34;25679478.03;25896805.56
26454152.73;25159724.71;26106635.04;25809157.73
25888097.39;25332195.6;26063370.46;25682853.21
26028984.88;25556017.8;25263027.77;26132797.01
25722344.91;25611083.33;25986596.56;26167173.6
25648257.54;26406276.28;26341117.86;25773646.15
25702172.39;25777865.53;26142751.52;25869294.31
25587840.19;25499044.66;25616133.5;25851934.98
25761104.77;25328552.93;25989608.11;25890001.42
26102439.15;25440812.51;26335105.66;25720780.41
26359907.74;25516293.96;26086807.7;26641641.81
26406115.98;25348602.03;26083219.43;25932493.63
25441215.02;26096260.16;25169362.78;26057865.66
25545362.83;25871813.28;25858995.71;25720884.2
26288535.25;25207760.41;26214192.25;26325241.78
25937755.09;25788576.28;25511779.19;26040151.27
25543162.98;25662958.21;25744054.12;26277725.44
26016970.89;25998179.69;26107330.72;26563622.59
25527839.19;25509564.23;26297039.08;25591522.33
25828304.47;25664319.62;25467797.51;26367774.42
25719991.66;25545630.72;26302816.56;26553963.69
25701297.56;25578435.13;26365797.51;25632243.6
26098252.59;25241603.7;26450005.44;25630685.56
25456738.78;25903398.96;25837562.69;26072255.29
25353682.86;25616188.4;25730192.06;25959114.96
25878448.1;25440414.55;25943358.29;26080724.53
25949912.04;24944937.42;25817020.4;26094424
25844443.31;25333037.62;26302455.34;25985326.36
25611412.51;25858272.28;26250710.56;26050641.41
26090975.74;25480846.6;26084196.18;26550559.21
25708419.25;25909393.67;25550955.3;26401274.25
25831721.1;25454961.8;26370019.16;26010057.73
25916475.43;25716834.62;25994829.02;25855422.2
26171730.59;24979375.02;26113901.06;25864185.36
25814342.69;25519340.52;25808307.57;26284891.74
26146818.35;25479805.78;26159740.5;25809915.73
26532484.2;25985980.93;26029530.08;25457077.19
26129868.38;25369988.32;25926323.16;25801600.83
26138695.62;26026378.06;25611357.76;26067817.8
25921293.48;25525805.97;26426367.18;26358201.74
26090357.81;25692145.6;25961600.73;25576301.17
26323056.4;26278625.36;26202350.72;26661456.91
25639181.14;25817287.74;25870835.11;25899745.24
25593762.69;25666084.72;26090302.79;25401696.79
25617259.63;25287202.17;26328385.16;25499889.92
25851102.54;25567400.28;26003564.91;26176950.21
25712778.8;25463524;26325655.85;25881429.73
25405264.25;25998408.5;26419828.41;25869899.2
25909481.67;25903112.29;26442352.52;26263023.24
25373911.94;25748314.14;26016237.19;25945089.37
26686251.45;25400987.43;26013027.78;26085038.1
25311821.21;25776694.36;26813210.11;25874537.35
25800623.56;25556530.7;26007738.19;25809706.09
25592513.47;25583720.59;25427885.31;26186620.68
26024130.06;25086055.25;25502602.12;25687560.11
25988114.11;25337541.87;26167751.74;26360794.04
26182755.72;25227046.62;26283634.34;25685729.12
25809461.96;26284381.65;25817719.59;25769739.4
26398976.34;25932946.3;26204476.63;25776042.98
25310703.12;26154108.53;25559127.12;26247765.01
25837340.87;25398178.28;25963883;26256071.79
26057835.57;25807394.56;25705981.55;25846470.98
25560536.02;25588741.08;25675321.79;25941480.51
25865785.74;25948446.58;26025622.23;25651883.49
25908121.39;25310512.07;25608906.59;26194127.19
25888471.62;25368204.93;26351848.81;25754690.02
26258127.79;25824423.26;26051700.35;25881333.14
25950554.37;25418974.44;26566818.08;25861056.82
25857590.23;25632655.94;26100664.12;26209488.7
25574416.8;25402475.27;26337595.87;26132668.9
26151884.07;25612880.47;25842712.71;26081492.17
25804409.48;26206524.23;25716896.24;25670053.92
26549600.05;25979372.93;26115612.66;26051407.92
25840790.6;25485665.95;26029432.45;25482681.41
25715261.95;25981551.63;25754368.24;25850710.9
26389500.18;25545660.16;25397631.48;26432620.48
26183234.01;25593502.15;26212918.32;26289894.36
25478478.12;25428051.57;25795693.52;25938166.93
26533036.75;25495902.53;25974730.29;25819419.64
25785509.9;25212847.32;25797830.13;25470913.22
25479283.38;25722539.53;26266532.47;26137213.66
25738333.26;25343230.4;25419212.91;25797779.15
26137027.94;24791404.4;26063054.02;25817420.08
25898122.78;26107168.22;25884206.91;25787822.05
25705110.62;25816058.45;26028422.13;25623536.83
25859948.33;25798287.78;25802442.49;26146681.89
25993061.23;25395611.63;25905602.76;26212029.76
26294314.23;25564241.53;25863543.67;26306165.96
26070633.55;25947184.1;25991808.81;25909495.45
26011428.9;25848792.94;26184397.7;25654191.12
26085046.28;25592695.39;26236146.21;26050215.51
25792702.88;25493514.6;26318191.96;26709310.13
25975639.12;25663650.9;26219516.72;25617347.55
25979060.76;25426243.89;26195255.93;25799755.72
26183070.45;25429414.85;25713722.29;25859602.7
26304583.15;25432686.18;25517917.15;26494453.52
25790049;25818775.37;26326565.28;25653553.14
26152129.38;25799337.83;26465969.39;26148449.42
25669810.84;25638792.94;25739524.27;25779377.04
26321192.03;25485676.86;25413112.77;25900431.75
25223589.31;26165671;25995536.46;25803473.5
25834683.99;26150139.64;26070104.16;26148804.14
26230440.71;25820909.72;26050505.6;25514631.92
25893698.71;25648432.31;26017703.71;26091724.81
25781816.28;25711612.97;25639242.01;25977504.77
26155112.27;25979836.64;25757620.12;25353297.79
26167761.98;25754298.68;25946586.44;26056789.64
25921043.45;26010738.62;25584832.63;26040991.28
25635186.25;25740415.99;25991675.43;26134423.86
26148005.92;25423965.57;26613633.16;25654097.57
25584841.36;25461960.49;25940045.45;25856184.38
26012216.08;25575875.15;25635838.63;25803630.55
25406785.57;25570624.39;26122892.24;25964749.81
26029120.59;25717286.31;25851545.46;26027921.47
25632403.04;25933182.08;25979051.78;26018633.08
26399123.08;25383605.13;26429298.59;26103400.29
25610940.53;25615261.97;26271673.01;25988257.22
25707301.85;25948499.19;25836072.83;25991865.51
25919306.54;25783320.05;26124542.44;25700049.93
26145390.87;25136954.08;26633699.72;25811567
25911442.08;25320826.47;25840110.15;25828526.86
25694713.69;25261656.07;26387202.91;26045841.65
25742117.4;26345802.52;26265078.62;26040283.93
25864747.56;25702077.7;25579630.11;26095526.32
25906006.21;26174775.67;26218822.1;26319964.88
26078254.66;25661579.27;25700156.47;25989934.73
25760023.52;25400705.01;26011681.41;25589077.48
26003367.4;25239129.05;25647932.92;26327359.6
26172570.54;26278181.82;25632586.41;25673327.33
25418513.06;25980843.45;26026404.4;26020333.24
25878535.04;25530009.17;26279096.22;26078267.31
25759739.58;25387290.34;25997970.95;25919612.84
25981047.61;26131564.04;26186693.55;26015444.12
25783608.21;26029499.5;25823771.9;26056383
26288229.98;26183625;25850025.47;25997514.28
26173631.53;25501772.44;26116286.13;26208645.42
26307041.25;25370231.77;25925128.8;25724729.98
25836958.71;25422538.18;26125482.63;25875035.68
25714730.69;25422129.58;26256339.52;26308575.21
26051372.74;25751569.62;25633648.57;26254409.96
26509035.43;25152966.71;25684957.89;25812667.91
25653507.63;25262541.97;25845977.19;26208727.64
25823181.12;25323199.13;25247977.92;25952230.78
25554216.47;25604765.3;26027682.95;26249252.56
25948591.46;25276788.73;25687048.96;26103984.46
26047195.86;25228859.76;26283403.55;25924355.56
26033146.67;25538329.62;25827817.56;26552384.52
26313326.94;25771911.83;26017476.31;26138645.48
25973740.6;25757792.03;25735960.43;25438230.24
26149005.47;25198914.88;25833223.99;26051093.79
25969874.46;25529927.78;25954366.12;25908806.27
26344227.39;25755775.53;26258877.96;25899734.85
25645983.76;25363564.78;26156994.18;26046607.14
25244646.95;25463200.29;25505316.56;26305346.61
26371615.01;25288003.53;26164200.52;25641585.94
26200270.84;25151279.97;25480066.78;25646786.58
26459420.16;25871212.4;25784949.86;25858682.35
26297945.84;25056578.78;26005642.84;25937555.5
26300157.26;25572030.41;26353696.9;25911877.88
25944158.71;25740402.41;25549108.6;25319971.23
25691126.98;25709572.72;25871550.78;26048297.29
25423271.02;25795859.31;26017079;26252313.7
26001378.5;25660986.83;25962390.94;25946690.42
25487848.19;25441098.27;25539169.75;26172218.38
26280422.35;26092944.21;26257153.02;25929948.49
25647511.1;25635463.73;26144602.24;26163920.48
25994155.02;25303767.05;26106616.16;26239950.03
25649855.81;25210114.67;26214579.9;25518753.19
25691552.29;25815080.17;26123867.59;25825057.54
25843469.22;25748389.28;26049696.02;25992663.08
25367477.93;25835209.13;25839710.33;26539110.94
25901644.06;25240923.88;26393243.83;25658154.3
25772912.15;25768595.68;26102594.05;26006104.48
25989242.37;25639855.13;25803610.79;26187770.58
26029443.52;25343342.33;25647699.42;26545454.94
25637352.16;25303935.16;26488618.67;25928859.42
26222456.79;25187844.17;25923512.09;26016722.4
25747505.74;25699776.73;25958435.19;26346564.86
25722829.84;26082717.47;25966779.92;26069593.85
25930931.76;25532603.44;25931922.52;25960512.52
25785308.91;25290853.64;26076410.85;25865422.2
26163078.19;25653256.98;26002998.52;26229500.56
25742776.4;25203377.69;26450882.59;25792282.45
25460539.06;25006314.98;25647855.25;25778615.38
25760273.67;25459308.2;26069664.74;25987654.94
26153049.51;26255707.06;26188245.09;26150665.91
25951828.54;25325301.4;25889436.85;25998108.14
26100261.92;25317761.13;25922470.13;26236294.68
25871043.63;26080193.85;26381869.25;26039746.78
26056642.46;25510359.62;26110534.89;26133401.06
26037173.56;25668086.5;25936513.39;25873869.34
25612762.68;25594843.63;26115070.93;26061375.73
25337330.46;25888950.27;25782587.56;25620771.37
25866361.54;25716938.1;25851018.57;25926760.66
26060302.38;25871639.86;25959074.34;25657184.16
25764548.58;25430666.07;26100120.92;26038477.73
25798116.04;25625744.98;25578295.08;26101375.07
25919963.41;25833155.35;25318164.21;25827086.73
26183490.02;25066154.4;26053570.38;25586520.59
25749089.35;25936336.7;26039988.87;26361879.41
25520371.91;25973088.28;26127177.54;26135109.5
25897421.13;25994247.29;26252333.65;25907527.03
25974735.55;25689618.76;26578360.16;25954771.93
25738520.88;26303005.26;25843831.51;26086846.52
25963410.3;25796188.89;25550319;25963507.82
26316787.07;25819924.65;26080879.49;26151136.33
26298370.34;25916170.94;25925910.83;26181236.95
25852290.78;26130665.42;25748235.35;26067028.84
26159064.13;26176904.39;26012245.53;26400451.04
25552592.51;26045641.02;25603958.69;25949244.83
25772505.23;25483484.7;26223933.14;25719925.81
25795264.63;25858322.38;26033502.77;25793013.69
26573925.84;26320775.83;26018687.79;25977040.2
25963481.91;25940885.23;26148101.63;26171899.88
26398578.26;25422630.43;26397387.36;25734523.16
25867232.26;25586883.85;26195812.78;25857723.01
25951401.93;26133137.77;26112103.6;26041502.57
25630086.68;25242359.08;26152710.27;26281022.75
26014486.45;25557285.83;26084476.07;26080532.65
25847918.92;25899208.26;25577975.77;25786482.53
26236100.9;26022335.6;26106876.98;25489145.47
26116440.41;26486757.37;26089492.22;26013358.18
26069660.28;26336615.76;26069085.14;25873414.13
26091506.24;26123918.1;25487384.89;26123942.61
26100351.56;26373296.84;25705665.05;26150772.39
26182079.65;26456394.81;26047206.39;26058522.82
25936651.24;25935788.03;26093865.62;26341481.5
25470027.17;26403203.85;25817258.46;26156289.68
25582550.09;25554394.9;25769302.33;25980804.31
25855549.63;26382441.43;26034416.54;26033712.94
25715392.98;26465438.63;26338575.01;25481300.17
25649582.15;25843176.4;25811151.21;26377527.58
25840359.63;25799330.09;26176700.12;26458089.26
26662202.57;26203974.82;26055764.01;25794300.59
25715159.73;26197467.54;26391872.49;25959443.37
25688040.11;25605530.03;25665494.93;26088402.05
25596503.35;25603783.67;26503214.74;25931441.45
25917585.78;26562825.93;25660945.63;25588537.43
26479752.53;25931210.58;25824836.22;25610840.58
25880208.4;25941152.68;26271657.21;25579958.46
25984986.95;26410580.53;25963914.02;25604687.92
26144456.68;26206766.68;26236747.35;25587995.57
26211678.13;26427844.78;25910968.97;26038743.93
26069614.12;26318903.69;26502221.89;26459097.83
25716296.07;26478875.63;25916808.12;25813692.44
26437151.61;25816674.42;25840994.11;26006421.47
25932262.12;26454183.2;26684187.39;26124068.75
26438653.09;26361940.94;25831516.88;26778885.34
25810199.17;26003668.61;25704937;25968378.85
25053532.09;25806790.68;26512753.18;25741337.77
25992454.74;25946159.75;26494183.29;25597405.49
25536014.9;25873167.47;25731905.86;25835319.23
25892462.32;25932632.6;25581222.49;25675354.56
26471718.39;26034845.27;25989809.89;25969463.92
25707880.89;25735766.88;25619397.44;25827344.74
26250568.86;25748972.23;25486438.03;25888465.95
26049225.51;25791507.02;25852987.43;26234984.96
25475264.26;26137759.49;26022066.41;25858228.22
26190760.09;25904000.11;25772480.24;25924306.43
26528094.16;26436412.42;26012200.83;25716206.01
25496866.19;26164207.3;26179414.16;26587329.72
26074040.21;26269735.68;25896038.24;25566531.35
25508125.31;26142651.43;25948479.78;26016925.09
26367886.95;25625285.19;25756719.75;26054863.84
25635166.95;26219270.47;25919427.25;25514248.05
26181858.94;26499708.38;26114342.03;25734147.31
26187446.89;25768314.78;26073052.69;25770325.77
26367540.39;25800005.64;25779064.48;26067170.57
25728460.34;26159869.07;25851243.12;25918255.4
25664257.73;25459248.44;26019202.31;26614897.62
25988382.38;25717614.18;26515579.44;26010571.14
25804788.77;26135418.96;25565660.53;25984130.76
25489779.12;26419324.37;25630232.92;26343816.91
25628846.01;26310291.58;25638652.84;26425293.19
25715624.4;26053927.64;26165238.94;26337629.17
26064888.48;25979593.36;25518721.46;25897641.05
25791206.16;25924338.35;25740935.59;26363774.77
26583051.56;26404829.25;26340205.97;25436690.29
25615060.96;25660285.33;25775440.15;26348614.98
26102237.57;26031635.12;25975917.6;25730217.02
26093802.3;25530493.21;25842099.04;26159279.87
26576162;26357267.09;25953682.82;26032595.61
26423105.65;26106134.35;25809901.04;26102034.58
25420071.11;25985924.24;26205173.8;25516623.02
25952920.07;25675883.03;26147391.95;26191673.57
25628286.12;26332584.32;26051502.99;26045215.94
26491446.76;25697027.9;26174834.3;25804875.05
25806903.26;25439019.09;25782816.59;26427340.51
25282046.69;25778545.75;26078056.6;25891852.16
25536661.61;26251925.5;25956589.61;26233618.89
25945019.83;25868960.98;25768263.4;25935177.63
25795508.04;25735485.8;25784882.95;25928180.26
25780548.4;25885764.77;25451515.54;25682294.93
26314289.88;25901914.24;25289263.2;25325898.85
25446006.4;25872623.21;26167567.98;25984763.25
25475290.44;25936391.15;26104001.33;25822008.92
26014011.06;26073074.56;25760450.9;25784541.31
25792476.78;25782628.13;26230352.44;26520086.87
26139681.92;25830660.82;25550203.8;25698870.56
